Timestamp,CAN_ID,DLC,Data
1787422723.951008,0x100,2,02 00
1787422723.951149,0x101,2,66 03
1787422723.951171,0x102,2,45 00
1787422724.451847,0x100,2,04 00
1787422724.452024,0x101,2,AC 03
1787422724.452054,0x102,2,45 00
1787422724.952325,0x100,2,06 00
1787422724.952386,0x101,2,F2 03
1787422724.952395,0x102,2,45 00
1787422725.454895,0x100,2,08 00
1787422725.454974,0x101,2,38 04
1787422725.454982,0x102,2,45 00
1787422725.955457,0x100,2,0A 00
1787422725.955628,0x101,2,7E 04
1787422725.955662,0x102,2,45 00
1787422726.455925,0x100,2,0C 00
1787422726.455993,0x101,2,C4 04
1787422726.456001,0x102,2,45 00
1787422726.956323,0x100,2,0E 00
1787422726.956449,0x101,2,0A 05
1787422726.956462,0x102,2,45 00
1787422727.456955,0x100,2,10 00
1787422727.457105,0x101,2,50 05
1787422727.457130,0x102,2,45 00
1787422727.957374,0x100,2,12 00
1787422727.957434,0x101,2,96 05
1787422727.957440,0x102,2,45 00
1787422728.457973,0x100,2,14 00
1787422728.458105,0x101,2,DC 05
1787422728.458130,0x102,2,45 00
1787422728.958612,0x100,2,16 00
1787422728.958777,0x101,2,22 06
1787422728.958813,0x102,2,45 00
1787422729.459233,0x100,2,18 00
1787422729.459325,0x101,2,68 06
1787422729.459335,0x102,2,45 00
1787422729.959790,0x100,2,1A 00
1787422729.959871,0x101,2,AE 06
1787422729.959878,0x102,2,45 00
1787422730.460556,0x100,2,1C 00
1787422730.460647,0x101,2,F4 06
1787422730.460655,0x102,2,45 00
1787422730.961135,0x100,2,1E 00
1787422730.961255,0x101,2,3A 07
1787422730.961272,0x102,2,45 00
1787422731.461957,0x100,2,20 00
1787422731.462052,0x101,2,80 07
1787422731.462066,0x102,2,45 00
1787422731.962968,0x100,2,22 00
1787422731.963059,0x101,2,C6 07
1787422731.963114,0x102,2,45 00
1787422732.464328,0x100,2,24 00
1787422732.464444,0x101,2,0C 08
1787422732.464463,0x102,2,45 00
1787422732.965637,0x100,2,26 00
1787422732.965797,0x101,2,52 08
1787422732.965817,0x102,2,45 00
1787422733.466251,0x100,2,28 00
1787422733.466428,0x101,2,98 08
1787422733.466462,0x102,2,45 00
1787422733.966616,0x100,2,2A 00
1787422733.966685,0x101,2,DE 08
1787422733.966693,0x102,2,45 00
1787422734.467278,0x100,2,2C 00
1787422734.467397,0x101,2,24 09
1787422734.467429,0x102,2,45 00
1787422734.967857,0x100,2,2E 00
1787422734.968030,0x101,2,6A 09
1787422734.968056,0x102,2,46 00
1787422735.468515,0x100,2,30 00
1787422735.468630,0x101,2,B0 09
1787422735.468662,0x102,2,46 00
1787422735.970378,0x100,2,32 00
1787422735.970492,0x101,2,F6 09
1787422735.970518,0x102,2,46 00
1787422736.470634,0x100,2,34 00
1787422736.470743,0x101,2,3C 0A
1787422736.470774,0x102,2,46 00
1787422736.972069,0x100,2,36 00
1787422736.972176,0x101,2,82 0A
1787422736.972208,0x102,2,46 00
1787422737.472509,0x100,2,38 00
1787422737.472599,0x101,2,C8 0A
1787422737.472615,0x102,2,46 00
1787422737.973877,0x100,2,3A 00
1787422737.974121,0x101,2,0E 0B
1787422737.974168,0x102,2,46 00
1787422738.474353,0x100,2,3C 00
1787422738.474434,0x101,2,54 0B
1787422738.474446,0x102,2,46 00
1787422738.975266,0x100,2,3E 00
1787422738.975386,0x101,2,9A 0B
1787422738.975397,0x102,2,46 00
1787422739.475644,0x100,2,40 00
1787422739.475716,0x101,2,E0 0B
1787422739.475730,0x102,2,46 00
1787422739.976259,0x100,2,42 00
1787422739.976338,0x101,2,26 0C
1787422739.976360,0x102,2,47 00
1787422740.476751,0x100,2,44 00
1787422740.476795,0x101,2,6C 0C
1787422740.476809,0x102,2,47 00
1787422740.976984,0x100,2,46 00
1787422740.977039,0x101,2,B2 0C
1787422740.977045,0x102,2,47 00
1787422741.477391,0x100,2,48 00
1787422741.477459,0x101,2,F8 0C
1787422741.477466,0x102,2,47 00
1787422741.977911,0x100,2,4A 00
1787422741.978008,0x101,2,3E 0D
1787422741.978018,0x102,2,47 00
1787422742.478376,0x100,2,4C 00
1787422742.478463,0x101,2,84 0D
1787422742.478471,0x102,2,47 00
1787422742.982097,0x100,2,4E 00
1787422742.982160,0x101,2,CA 0D
1787422742.982166,0x102,2,47 00
1787422743.482484,0x100,2,50 00
1787422743.482577,0x101,2,10 0E
1787422743.482589,0x102,2,47 00
1787422743.983742,0x100,2,52 00
1787422743.983953,0x101,2,56 0E
1787422743.983998,0x102,2,47 00
1787422744.484399,0x100,2,54 00
1787422744.484506,0x101,2,9C 0E
1787422744.484517,0x102,2,47 00
1787422744.985072,0x100,2,56 00
1787422744.985157,0x101,2,E2 0E
1787422744.985203,0x102,2,48 00
1787422745.485619,0x100,2,58 00
1787422745.485983,0x101,2,28 0F
1787422745.486035,0x102,2,48 00
1787422745.986100,0x100,2,5A 00
1787422745.986162,0x101,2,6E 0F
1787422745.986169,0x102,2,48 00
1787422746.486471,0x100,2,5C 00
1787422746.486558,0x101,2,B4 0F
1787422746.486634,0x102,2,48 00
1787422746.986722,0x100,2,5E 00
1787422746.986784,0x101,2,FA 0F
1787422746.986791,0x102,2,48 00
1787422747.487310,0x100,2,60 00
1787422747.487367,0x101,2,40 10
1787422747.487388,0x102,2,48 00
1787422747.987663,0x100,2,62 00
1787422747.987712,0x101,2,86 10
1787422747.987723,0x102,2,48 00
1787422748.488016,0x100,2,64 00
1787422748.488063,0x101,2,CC 10
1787422748.488076,0x102,2,48 00
1787422748.988462,0x100,2,66 00
1787422748.988581,0x101,2,12 11
1787422748.988593,0x102,2,48 00
1787422749.488772,0x100,2,68 00
1787422749.488827,0x101,2,58 11
1787422749.488837,0x102,2,48 00
1787422749.989115,0x100,2,6A 00
1787422749.989183,0x101,2,9E 11
1787422749.989188,0x102,2,49 00
1787422750.489515,0x100,2,6C 00
1787422750.489825,0x101,2,E4 11
1787422750.489875,0x102,2,49 00
1787422750.989912,0x100,2,6E 00
1787422750.990056,0x101,2,2A 12
1787422750.990139,0x102,2,49 00
1787422751.490275,0x100,2,70 00
1787422751.490351,0x101,2,70 12
1787422751.490357,0x102,2,49 00
1787422751.990635,0x100,2,72 00
1787422751.990726,0x101,2,B6 12
1787422751.990737,0x102,2,49 00
1787422752.490888,0x100,2,74 00
1787422752.491060,0x101,2,FC 12
1787422752.491107,0x102,2,49 00
1787422752.991441,0x100,2,76 00
1787422752.991537,0x101,2,42 13
1787422752.991594,0x102,2,49 00
1787422753.491773,0x100,2,78 00
1787422753.491919,0x101,2,88 13
1787422753.491987,0x102,2,49 00
1787422753.992305,0x100,2,76 00
1787422753.992700,0x101,2,42 13
1787422753.992733,0x102,2,49 00
1787422754.492953,0x100,2,74 00
1787422754.493186,0x101,2,FC 12
1787422754.493218,0x102,2,49 00
1787422754.993598,0x100,2,72 00
1787422754.993999,0x101,2,B6 12
1787422754.994466,0x102,2,4A 00
1787422755.494546,0x100,2,70 00
1787422755.494639,0x101,2,70 12
1787422755.494673,0x102,2,4A 00
1787422755.994934,0x100,2,6E 00
1787422755.995029,0x101,2,2A 12
1787422755.995046,0x102,2,4A 00
1787422756.495714,0x100,2,6C 00
1787422756.495820,0x101,2,E4 11
1787422756.495860,0x102,2,4A 00
1787422756.996962,0x100,2,6A 00
1787422756.997071,0x101,2,9E 11
1787422756.997115,0x102,2,4A 00
1787422757.498184,0x100,2,68 00
1787422757.498296,0x101,2,58 11
1787422757.498333,0x102,2,4A 00
1787422757.998823,0x100,2,66 00
1787422757.999001,0x101,2,12 11
1787422757.999046,0x102,2,4A 00
1787422758.499363,0x100,2,64 00
1787422758.499469,0x101,2,CC 10
1787422758.499497,0x102,2,4A 00
1787422759.000305,0x100,2,62 00
1787422759.000399,0x101,2,86 10
1787422759.000441,0x102,2,4A 00
1787422759.500852,0x100,2,60 00
1787422759.501053,0x101,2,40 10
1787422759.501085,0x102,2,4A 00
1787422760.001459,0x100,2,5E 00
1787422760.001813,0x101,2,FA 0F
1787422760.001861,0x102,2,4B 00
1787422760.502280,0x100,2,5C 00
1787422760.502416,0x101,2,B4 0F
1787422760.502452,0x102,2,4B 00
1787422761.003770,0x100,2,5A 00
1787422761.003881,0x101,2,6E 0F
1787422761.003920,0x102,2,4B 00
1787422761.505038,0x100,2,58 00
1787422761.505222,0x101,2,28 0F
1787422761.505261,0x102,2,4B 00
1787422762.005752,0x100,2,56 00
1787422762.005980,0x101,2,E2 0E
1787422762.006022,0x102,2,4B 00
1787422762.506269,0x100,2,54 00
1787422762.506368,0x101,2,9C 0E
1787422762.506387,0x102,2,4B 00
1787422763.006798,0x100,2,52 00
1787422763.006895,0x101,2,56 0E
1787422763.006910,0x102,2,4B 00
1787422763.507759,0x100,2,50 00
1787422763.507925,0x101,2,10 0E
1787422763.507971,0x102,2,4B 00
1787422764.008588,0x100,2,4E 00
1787422764.008741,0x101,2,CA 0D
1787422764.008764,0x102,2,4B 00
1787422764.509401,0x100,2,4C 00
1787422764.509578,0x101,2,84 0D
1787422764.509829,0x102,2,4B 00
1787422765.010106,0x100,2,4A 00
1787422765.010243,0x101,2,3E 0D
1787422765.010308,0x102,2,4C 00
1787422765.510737,0x100,2,48 00
1787422765.510941,0x101,2,F8 0C
1787422765.510970,0x102,2,4C 00
1787422766.012211,0x100,2,46 00
1787422766.012325,0x101,2,B2 0C
1787422766.012360,0x102,2,4C 00
1787422766.512668,0x100,2,44 00
1787422766.512758,0x101,2,6C 0C
1787422766.512769,0x102,2,4C 00
1787422767.013004,0x100,2,42 00
1787422767.013061,0x101,2,26 0C
1787422767.013067,0x102,2,4C 00
1787422767.514093,0x100,2,40 00
1787422767.514225,0x101,2,E0 0B
1787422767.514246,0x102,2,4C 00
1787422768.014671,0x100,2,3E 00
1787422768.014845,0x101,2,9A 0B
1787422768.014870,0x102,2,4C 00
1787422768.515426,0x100,2,3C 00
1787422768.515772,0x101,2,54 0B
1787422768.515812,0x102,2,4C 00
1787422769.016968,0x100,2,3A 00
1787422769.017058,0x101,2,0E 0B
1787422769.017092,0x102,2,4C 00
1787422769.519665,0x100,2,38 00
1787422769.519725,0x101,2,C8 0A
1787422769.519737,0x102,2,4C 00
1787422770.020738,0x100,2,36 00
1787422770.020971,0x101,2,82 0A
1787422770.021010,0x102,2,4D 00
1787422770.521362,0x100,2,34 00
1787422770.521466,0x101,2,3C 0A
1787422770.521479,0x102,2,4D 00
1787422771.022296,0x100,2,32 00
1787422771.022407,0x101,2,F6 09
1787422771.022422,0x102,2,4D 00
1787422771.523092,0x100,2,30 00
1787422771.523339,0x101,2,B0 09
1787422771.523409,0x102,2,4D 00
1787422772.023853,0x100,2,2E 00
1787422772.024119,0x101,2,6A 09
1787422772.024180,0x102,2,4D 00
1787422772.525086,0x100,2,2C 00
1787422772.525187,0x101,2,24 09
1787422772.525236,0x102,2,4D 00
1787422773.026200,0x100,2,2A 00
1787422773.026398,0x101,2,DE 08
1787422773.026438,0x102,2,4D 00
1787422773.527111,0x100,2,28 00
1787422773.527459,0x101,2,98 08
1787422773.527487,0x102,2,4D 00
1787422774.027891,0x100,2,26 00
1787422774.027961,0x101,2,52 08
1787422774.027969,0x102,2,4D 00
1787422774.528310,0x100,2,24 00
1787422774.528370,0x101,2,0C 08
1787422774.528377,0x102,2,4D 00
1787422775.028676,0x100,2,22 00
1787422775.028802,0x101,2,C6 07
1787422775.028814,0x102,2,4E 00
1787422775.528997,0x100,2,20 00
1787422775.529115,0x101,2,80 07
1787422775.529135,0x102,2,4E 00
1787422776.029396,0x100,2,1E 00
1787422776.029480,0x101,2,3A 07
1787422776.029489,0x102,2,4E 00
1787422776.530057,0x100,2,1C 00
1787422776.530221,0x101,2,F4 06
1787422776.530242,0x102,2,4E 00
1787422777.031272,0x100,2,1A 00
1787422777.031377,0x101,2,AE 06
1787422777.031418,0x102,2,4D 00
1787422777.532084,0x100,2,18 00
1787422777.532180,0x101,2,68 06
1787422777.532214,0x102,2,4D 00
1787422778.032953,0x100,2,16 00
1787422778.033045,0x101,2,22 06
1787422778.033062,0x102,2,4D 00
1787422778.533292,0x100,2,14 00
1787422778.533377,0x101,2,DC 05
1787422778.533386,0x102,2,4D 00
1787422779.033964,0x100,2,12 00
1787422779.034029,0x101,2,96 05
1787422779.034047,0x102,2,4D 00
1787422779.535115,0x100,2,10 00
1787422779.535231,0x101,2,50 05
1787422779.535268,0x102,2,4D 00
1787422780.036197,0x100,2,0E 00
1787422780.036395,0x101,2,0A 05
1787422780.036432,0x102,2,4D 00
1787422780.537624,0x100,2,0C 00
1787422780.537858,0x101,2,C4 04
1787422780.537894,0x102,2,4D 00
1787422781.038539,0x100,2,0A 00
1787422781.038752,0x101,2,7E 04
1787422781.038796,0x102,2,4D 00
1787422781.539708,0x100,2,08 00
1787422781.539828,0x101,2,38 04
1787422781.539858,0x102,2,4D 00
1787422782.040276,0x100,2,06 00
1787422782.040361,0x101,2,F2 03
1787422782.040393,0x102,2,4D 00
1787422782.540919,0x100,2,04 00
1787422782.541203,0x101,2,AC 03
1787422782.541248,0x102,2,4D 00
1787422783.041544,0x100,2,02 00
1787422783.041607,0x101,2,66 03
1787422783.041616,0x102,2,4D 00
1787422783.542691,0x100,2,00 00
1787422783.542815,0x101,2,20 03
1787422783.542854,0x102,2,4D 00
1787422784.043436,0x100,2,02 00
1787422784.043597,0x101,2,66 03
1787422784.043621,0x102,2,4D 00
1787422784.544271,0x100,2,04 00
1787422784.544414,0x101,2,AC 03
1787422784.544432,0x102,2,4D 00
1787422785.045470,0x100,2,06 00
1787422785.045568,0x101,2,F2 03
1787422785.045606,0x102,2,4D 00
1787422785.546064,0x100,2,08 00
1787422785.546228,0x101,2,38 04
1787422785.546239,0x102,2,4D 00
1787422786.047221,0x100,2,0A 00
1787422786.047330,0x101,2,7E 04
1787422786.047365,0x102,2,4D 00
1787422786.547973,0x100,2,0C 00
1787422786.548242,0x101,2,C4 04
1787422786.548301,0x102,2,4D 00
1787422787.048499,0x100,2,0E 00
1787422787.048607,0x101,2,0A 05
1787422787.048625,0x102,2,4C 00
1787422787.549175,0x100,2,10 00
1787422787.549460,0x101,2,50 05
1787422787.549500,0x102,2,4C 00
1787422788.050456,0x100,2,12 00
1787422788.050563,0x101,2,96 05
1787422788.050611,0x102,2,4C 00
1787422788.550913,0x100,2,14 00
1787422788.551020,0x101,2,DC 05
1787422788.551031,0x102,2,4C 00
1787422789.051603,0x100,2,16 00
1787422789.051769,0x101,2,22 06
1787422789.051793,0x102,2,4C 00
1787422789.552644,0x100,2,18 00
1787422789.552807,0x101,2,68 06
1787422789.552838,0x102,2,4C 00
1787422790.053402,0x100,2,1A 00
1787422790.053608,0x101,2,AE 06
1787422790.053637,0x102,2,4C 00
1787422790.554368,0x100,2,1C 00
1787422790.554467,0x101,2,F4 06
1787422790.554475,0x102,2,4C 00
1787422791.055048,0x100,2,1E 00
1787422791.055129,0x101,2,3A 07
1787422791.055142,0x102,2,4C 00
1787422791.555425,0x100,2,20 00
1787422791.555570,0x101,2,80 07
1787422791.555586,0x102,2,4C 00
1787422792.056644,0x100,2,22 00
1787422792.056901,0x101,2,C6 07
1787422792.056948,0x102,2,4C 00
1787422792.557831,0x100,2,24 00
1787422792.557959,0x101,2,0C 08
1787422792.557995,0x102,2,4C 00
1787422793.058440,0x100,2,26 00
1787422793.058605,0x101,2,52 08
1787422793.058644,0x102,2,4C 00
1787422793.559225,0x100,2,28 00
1787422793.559339,0x101,2,98 08
1787422793.559370,0x102,2,4D 00
1787422794.060875,0x100,2,2A 00
1787422794.061004,0x101,2,DE 08
1787422794.061040,0x102,2,4D 00
1787422794.562130,0x100,2,2C 00
1787422794.562291,0x101,2,24 09
1787422794.562334,0x102,2,4D 00
1787422795.062633,0x100,2,2E 00
1787422795.062702,0x101,2,6A 09
1787422795.062714,0x102,2,4D 00
1787422795.563161,0x100,2,30 00
1787422795.563307,0x101,2,B0 09
1787422795.563332,0x102,2,4D 00
1787422796.063861,0x100,2,32 00
1787422796.064061,0x101,2,F6 09
1787422796.064093,0x102,2,4D 00
1787422796.564608,0x100,2,34 00
1787422796.564699,0x101,2,3C 0A
1787422796.564733,0x102,2,4D 00
1787422797.065074,0x100,2,36 00
1787422797.065153,0x101,2,82 0A
1787422797.065165,0x102,2,4D 00
1787422797.565831,0x100,2,38 00
1787422797.566050,0x101,2,C8 0A
1787422797.566346,0x102,2,4D 00
1787422798.066871,0x100,2,3A 00
1787422798.067104,0x101,2,0E 0B
1787422798.067144,0x102,2,4D 00
1787422798.567635,0x100,2,3C 00
1787422798.567791,0x101,2,54 0B
1787422798.567817,0x102,2,4E 00
1787422799.068124,0x100,2,3E 00
1787422799.068221,0x101,2,9A 0B
1787422799.068236,0x102,2,4E 00
1787422799.568648,0x100,2,40 00
1787422799.568728,0x101,2,E0 0B
1787422799.568737,0x102,2,4E 00
1787422800.069429,0x100,2,42 00
1787422800.069520,0x101,2,26 0C
1787422800.069550,0x102,2,4E 00
1787422800.570335,0x100,2,44 00
1787422800.570442,0x101,2,6C 0C
1787422800.570472,0x102,2,4E 00
1787422801.071228,0x100,2,46 00
1787422801.071327,0x101,2,B2 0C
1787422801.071355,0x102,2,4E 00
1787422801.572176,0x100,2,48 00
1787422801.572402,0x101,2,F8 0C
1787422801.572437,0x102,2,4E 00
1787422802.073527,0x100,2,4A 00
1787422802.073627,0x101,2,3E 0D
1787422802.073833,0x102,2,4E 00
1787422802.574679,0x100,2,4C 00
1787422802.575148,0x101,2,84 0D
1787422802.575187,0x102,2,4E 00
1787422803.075518,0x100,2,4E 00
1787422803.075927,0x101,2,CA 0D
1787422803.076109,0x102,2,4E 00
1787422803.575916,0x100,2,50 00
1787422803.575963,0x101,2,10 0E
1787422803.575973,0x102,2,4F 00
1787422804.076980,0x100,2,52 00
1787422804.077065,0x101,2,56 0E
1787422804.077103,0x102,2,4F 00
1787422804.578203,0x100,2,54 00
1787422804.578291,0x101,2,9C 0E
1787422804.578327,0x102,2,4F 00
1787422805.079515,0x100,2,56 00
1787422805.079608,0x101,2,E2 0E
1787422805.079627,0x102,2,4F 00
1787422805.580805,0x100,2,58 00
1787422805.580982,0x101,2,28 0F
1787422805.581025,0x102,2,4F 00
1787422806.081785,0x100,2,5A 00
1787422806.081902,0x101,2,6E 0F
1787422806.081922,0x102,2,4F 00
1787422806.582461,0x100,2,5C 00
1787422806.582503,0x101,2,B4 0F
1787422806.582510,0x102,2,4F 00
1787422807.083105,0x100,2,5E 00
1787422807.083274,0x101,2,FA 0F
1787422807.083312,0x102,2,4F 00
1787422807.583718,0x100,2,60 00
1787422807.583850,0x101,2,40 10
1787422807.583879,0x102,2,4F 00
1787422808.084609,0x100,2,62 00
1787422808.084697,0x101,2,86 10
1787422808.084728,0x102,2,4F 00
1787422808.585770,0x100,2,64 00
1787422808.586039,0x101,2,CC 10
1787422808.586073,0x102,2,50 00
1787422809.086579,0x100,2,66 00
1787422809.086669,0x101,2,12 11
1787422809.086726,0x102,2,50 00
1787422809.587276,0x100,2,68 00
1787422809.587381,0x101,2,58 11
1787422809.587407,0x102,2,50 00
1787422810.088990,0x100,2,6A 00
1787422810.089097,0x101,2,9E 11
1787422810.089133,0x102,2,50 00
1787422810.589774,0x100,2,6C 00
1787422810.589889,0x101,2,E4 11
1787422810.589912,0x102,2,50 00
1787422811.090574,0x100,2,6E 00
1787422811.090670,0x101,2,2A 12
1787422811.090705,0x102,2,50 00
1787422811.590964,0x100,2,70 00
1787422811.591011,0x101,2,70 12
1787422811.591019,0x102,2,50 00
1787422812.091705,0x100,2,72 00
1787422812.091804,0x101,2,B6 12
1787422812.091835,0x102,2,50 00
1787422812.592844,0x100,2,74 00
1787422812.593041,0x101,2,FC 12
1787422812.593075,0x102,2,50 00
1787422813.093996,0x100,2,76 00
1787422813.094116,0x101,2,42 13
1787422813.094138,0x102,2,50 00
1787422813.595131,0x100,2,78 00
1787422813.595341,0x101,2,88 13
1787422813.595485,0x102,2,51 00
1787422814.095653,0x100,2,76 00
1787422814.095973,0x101,2,42 13
1787422814.096005,0x102,2,51 00
1787422814.596585,0x100,2,74 00
1787422814.596712,0x101,2,FC 12
1787422814.596735,0x102,2,51 00
1787422815.097229,0x100,2,72 00
1787422815.097325,0x101,2,B6 12
1787422815.097360,0x102,2,51 00
1787422815.597893,0x100,2,70 00
1787422815.598112,0x101,2,70 12
1787422815.598141,0x102,2,51 00
1787422816.098389,0x100,2,6E 00
1787422816.098440,0x101,2,2A 12
1787422816.098451,0x102,2,51 00
1787422816.599007,0x100,2,6C 00
1787422816.599096,0x101,2,E4 11
1787422816.599118,0x102,2,51 00
1787422817.099448,0x100,2,6A 00
1787422817.099508,0x101,2,9E 11
1787422817.099641,0x102,2,51 00
1787422817.599809,0x100,2,68 00
1787422817.599862,0x101,2,58 11
1787422817.599871,0x102,2,51 00
1787422818.100627,0x100,2,66 00
1787422818.100724,0x101,2,12 11
1787422818.100767,0x102,2,51 00
1787422818.601528,0x100,2,64 00
1787422818.601642,0x101,2,CC 10
1787422818.601906,0x102,2,52 00
1787422819.103052,0x100,2,62 00
1787422819.103194,0x101,2,86 10
1787422819.103266,0x102,2,52 00
1787422819.603636,0x100,2,60 00
1787422819.603890,0x101,2,40 10
1787422819.603930,0x102,2,52 00
1787422820.104233,0x100,2,5E 00
1787422820.104403,0x101,2,FA 0F
1787422820.104444,0x102,2,52 00
1787422820.604765,0x100,2,5C 00
1787422820.604925,0x101,2,B4 0F
1787422820.604953,0x102,2,52 00
1787422821.105916,0x100,2,5A 00
1787422821.106033,0x101,2,6E 0F
1787422821.106060,0x102,2,52 00
1787422821.606919,0x100,2,58 00
1787422821.607012,0x101,2,28 0F
1787422821.607035,0x102,2,52 00
1787422822.107316,0x100,2,56 00
1787422822.107493,0x101,2,E2 0E
1787422822.107520,0x102,2,52 00
1787422822.607991,0x100,2,54 00
1787422822.608089,0x101,2,9C 0E
1787422822.608126,0x102,2,52 00
1787422823.109565,0x100,2,52 00
1787422823.109802,0x101,2,56 0E
1787422823.109846,0x102,2,52 00
1787422823.609953,0x100,2,50 00
1787422823.610012,0x101,2,10 0E
1787422823.610020,0x102,2,53 00
1787422824.110444,0x100,2,4E 00
1787422824.110592,0x101,2,CA 0D
1787422824.110671,0x102,2,53 00
1787422824.611147,0x100,2,4C 00
1787422824.611249,0x101,2,84 0D
1787422824.611287,0x102,2,53 00
1787422825.111689,0x100,2,4A 00
1787422825.111788,0x101,2,3E 0D
1787422825.111822,0x102,2,53 00
1787422825.612350,0x100,2,48 00
1787422825.612640,0x101,2,F8 0C
1787422825.612681,0x102,2,53 00
1787422826.113174,0x100,2,46 00
1787422826.113454,0x101,2,B2 0C
1787422826.113493,0x102,2,53 00
1787422826.614589,0x100,2,44 00
1787422826.614888,0x101,2,6C 0C
1787422826.614955,0x102,2,53 00
1787422827.115349,0x100,2,42 00
1787422827.115420,0x101,2,26 0C
1787422827.115437,0x102,2,53 00
1787422827.615867,0x100,2,40 00
1787422827.615963,0x101,2,E0 0B
1787422827.615980,0x102,2,53 00
1787422828.116342,0x100,2,3E 00
1787422828.116430,0x101,2,9A 0B
1787422828.116437,0x102,2,53 00
1787422828.617470,0x100,2,3C 00
1787422828.617640,0x101,2,54 0B
1787422828.617750,0x102,2,54 00
1787422829.118332,0x100,2,3A 00
1787422829.118427,0x101,2,0E 0B
1787422829.118469,0x102,2,54 00
1787422829.619673,0x100,2,38 00
1787422829.619882,0x101,2,C8 0A
1787422829.619917,0x102,2,54 00
1787422830.120345,0x100,2,36 00
1787422830.120452,0x101,2,82 0A
1787422830.120497,0x102,2,54 00
1787422830.621110,0x100,2,34 00
1787422830.621389,0x101,2,3C 0A
1787422830.621414,0x102,2,54 00
1787422831.122124,0x100,2,32 00
1787422831.122279,0x101,2,F6 09
1787422831.122305,0x102,2,54 00
1787422831.622808,0x100,2,30 00
1787422831.622866,0x101,2,B0 09
1787422831.622879,0x102,2,54 00
1787422832.123328,0x100,2,2E 00
1787422832.123422,0x101,2,6A 09
1787422832.123439,0x102,2,54 00
1787422832.624402,0x100,2,2C 00
1787422832.624492,0x101,2,24 09
1787422832.624503,0x102,2,54 00
1787422833.125034,0x100,2,2A 00
1787422833.125282,0x101,2,DE 08
1787422833.125313,0x102,2,54 00
1787422833.625916,0x100,2,28 00
1787422833.626060,0x101,2,98 08
1787422833.626083,0x102,2,55 00
1787422834.126598,0x100,2,26 00
1787422834.126699,0x101,2,52 08
1787422834.126723,0x102,2,55 00
1787422834.627547,0x100,2,24 00
1787422834.627640,0x101,2,0C 08
1787422834.627659,0x102,2,55 00
1787422835.128033,0x100,2,22 00
1787422835.128270,0x101,2,C6 07
1787422835.128298,0x102,2,55 00
1787422835.628740,0x100,2,20 00
1787422835.628908,0x101,2,80 07
1787422835.628933,0x102,2,55 00
1787422836.129448,0x100,2,1E 00
1787422836.129581,0x101,2,3A 07
1787422836.129620,0x102,2,55 00
1787422836.630257,0x100,2,1C 00
1787422836.630394,0x101,2,F4 06
1787422836.630429,0x102,2,55 00
1787422837.131103,0x100,2,1A 00
1787422837.131276,0x101,2,AE 06
1787422837.131289,0x102,2,55 00
1787422837.631883,0x100,2,18 00
1787422837.632047,0x101,2,68 06
1787422837.632171,0x102,2,55 00
1787422838.132562,0x100,2,16 00
1787422838.132603,0x101,2,22 06
1787422838.132614,0x102,2,55 00
1787422838.633749,0x100,2,14 00
1787422838.633869,0x101,2,DC 05
1787422838.633903,0x102,2,55 00
1787422839.135024,0x100,2,12 00
1787422839.135114,0x101,2,96 05
1787422839.135151,0x102,2,55 00
1787422839.636202,0x100,2,10 00
1787422839.636313,0x101,2,50 05
1787422839.636346,0x102,2,55 00
1787422840.136667,0x100,2,0E 00
1787422840.136705,0x101,2,0A 05
1787422840.136713,0x102,2,55 00
1787422840.637174,0x100,2,0C 00
1787422840.637353,0x101,2,C4 04
1787422840.637412,0x102,2,54 00
1787422841.138292,0x100,2,0A 00
1787422841.138532,0x101,2,7E 04
1787422841.138576,0x102,2,54 00
1787422841.639086,0x100,2,08 00
1787422841.639251,0x101,2,38 04
1787422841.639289,0x102,2,54 00
1787422842.139858,0x100,2,06 00
1787422842.140127,0x101,2,F2 03
1787422842.140164,0x102,2,54 00
1787422842.640730,0x100,2,04 00
1787422842.640914,0x101,2,AC 03
1787422842.640954,0x102,2,54 00
1787422843.141894,0x100,2,02 00
1787422843.142144,0x101,2,66 03
1787422843.142189,0x102,2,54 00
1787422843.642702,0x100,2,00 00
1787422843.642879,0x101,2,20 03
1787422843.642918,0x102,2,54 00
1787422844.143447,0x100,2,02 00
1787422844.143545,0x101,2,66 03
1787422844.143572,0x102,2,54 00
1787422844.643931,0x100,2,04 00
1787422844.644121,0x101,2,AC 03
1787422844.644157,0x102,2,54 00
1787422845.145257,0x100,2,06 00
1787422845.145359,0x101,2,F2 03
1787422845.145400,0x102,2,54 00
1787422845.645629,0x100,2,08 00
1787422845.645762,0x101,2,38 04
1787422845.645770,0x102,2,54 00
1787422846.146982,0x100,2,0A 00
1787422846.147090,0x101,2,7E 04
1787422846.147112,0x102,2,54 00
1787422846.648211,0x100,2,0C 00
1787422846.648322,0x101,2,C4 04
1787422846.648359,0x102,2,54 00
1787422847.149466,0x100,2,0E 00
1787422847.149581,0x101,2,0A 05
1787422847.149612,0x102,2,54 00
1787422847.650122,0x100,2,10 00
1787422847.650306,0x101,2,50 05
1787422847.650340,0x102,2,54 00
1787422848.150634,0x100,2,12 00
1787422848.150734,0x101,2,96 05
1787422848.150761,0x102,2,54 00
1787422848.651098,0x100,2,14 00
1787422848.651243,0x101,2,DC 05
1787422848.651326,0x102,2,54 00
1787422849.151796,0x100,2,16 00
1787422849.152089,0x101,2,22 06
1787422849.152117,0x102,2,54 00
1787422849.653049,0x100,2,18 00
1787422849.653158,0x101,2,68 06
1787422849.653188,0x102,2,54 00
1787422850.153499,0x100,2,1A 00
1787422850.153987,0x101,2,AE 06
1787422850.154173,0x102,2,54 00
1787422850.654329,0x100,2,1C 00
1787422850.654495,0x101,2,F4 06
1787422850.654541,0x102,2,53 00
1787422851.155458,0x100,2,1E 00
1787422851.155590,0x101,2,3A 07
1787422851.155618,0x102,2,53 00
1787422851.656271,0x100,2,20 00
1787422851.656473,0x101,2,80 07
1787422851.656536,0x102,2,54 00
1787422852.156764,0x100,2,22 00
1787422852.156870,0x101,2,C6 07
1787422852.156877,0x102,2,54 00
1787422852.657299,0x100,2,24 00
1787422852.657403,0x101,2,0C 08
1787422852.657419,0x102,2,54 00
1787422853.158486,0x100,2,26 00
1787422853.158594,0x101,2,52 08
1787422853.158621,0x102,2,54 00
1787422853.659296,0x100,2,28 00
1787422853.659387,0x101,2,98 08
1787422853.659419,0x102,2,54 00
1787422854.160128,0x100,2,2A 00
1787422854.160277,0x101,2,DE 08
1787422854.160300,0x102,2,54 00
1787422854.660943,0x100,2,2C 00
1787422854.661056,0x101,2,24 09
1787422854.661072,0x102,2,54 00
1787422855.162442,0x100,2,2E 00
1787422855.162592,0x101,2,6A 09
1787422855.162631,0x102,2,54 00
1787422855.663157,0x100,2,30 00
1787422855.663253,0x101,2,B0 09
1787422855.663289,0x102,2,54 00
1787422856.163735,0x100,2,32 00
1787422856.163987,0x101,2,F6 09
1787422856.164005,0x102,2,54 00
1787422856.663899,0x100,2,34 00
1787422856.664043,0x101,2,3C 0A
1787422856.664096,0x102,2,55 00
1787422857.164447,0x100,2,36 00
1787422857.164581,0x101,2,82 0A
1787422857.164649,0x102,2,55 00
1787422857.664816,0x100,2,38 00
1787422857.664892,0x101,2,C8 0A
1787422857.664907,0x102,2,55 00
1787422858.166232,0x100,2,3A 00
1787422858.166465,0x101,2,0E 0B
1787422858.166516,0x102,2,55 00
1787422858.666989,0x100,2,3C 00
1787422858.667121,0x101,2,54 0B
1787422858.667153,0x102,2,55 00
1787422859.167816,0x100,2,3E 00
1787422859.167905,0x101,2,9A 0B
1787422859.167921,0x102,2,55 00
1787422859.668507,0x100,2,40 00
1787422859.668694,0x101,2,E0 0B
1787422859.668724,0x102,2,55 00
1787422860.169216,0x100,2,42 00
1787422860.169356,0x101,2,26 0C
1787422860.169383,0x102,2,55 00
1787422860.670027,0x100,2,44 00
1787422860.670199,0x101,2,6C 0C
1787422860.670218,0x102,2,55 00
1787422861.171137,0x100,2,46 00
1787422861.171231,0x101,2,B2 0C
1787422861.171264,0x102,2,55 00
1787422861.671845,0x100,2,48 00
1787422861.672037,0x101,2,F8 0C
1787422861.672076,0x102,2,56 00
1787422862.172911,0x100,2,4A 00
1787422862.173163,0x101,2,3E 0D
1787422862.173202,0x102,2,56 00
1787422862.673862,0x100,2,4C 00
1787422862.674108,0x101,2,84 0D
1787422862.674137,0x102,2,56 00
1787422863.175228,0x100,2,4E 00
1787422863.175335,0x101,2,CA 0D
1787422863.175364,0x102,2,56 00
1787422863.676267,0x100,2,50 00
1787422863.676375,0x101,2,10 0E
1787422863.676413,0x102,2,56 00
1787422864.176680,0x100,2,52 00
1787422864.176747,0x101,2,56 0E
1787422864.176758,0x102,2,56 00
1787422864.677124,0x100,2,54 00
1787422864.677168,0x101,2,9C 0E
1787422864.677175,0x102,2,56 00
1787422865.178042,0x100,2,56 00
1787422865.178154,0x101,2,E2 0E
1787422865.178165,0x102,2,56 00
1787422865.679243,0x100,2,58 00
1787422865.679374,0x101,2,28 0F
1787422865.679395,0x102,2,56 00
1787422866.180420,0x100,2,5A 00
1787422866.180528,0x101,2,6E 0F
1787422866.180561,0x102,2,56 00
1787422866.681532,0x100,2,5C 00
1787422866.681632,0x101,2,B4 0F
1787422866.681868,0x102,2,57 00
1787422867.182611,0x100,2,5E 00
1787422867.182851,0x101,2,FA 0F
1787422867.182909,0x102,2,57 00
1787422867.683715,0x100,2,60 00
1787422867.683940,0x101,2,40 10
1787422867.683968,0x102,2,57 00
1787422868.184486,0x100,2,62 00
1787422868.184614,0x101,2,86 10
1787422868.184640,0x102,2,57 00
1787422868.685035,0x100,2,64 00
1787422868.685132,0x101,2,CC 10
1787422868.685153,0x102,2,57 00
1787422869.186224,0x100,2,66 00
1787422869.186321,0x101,2,12 11
1787422869.186353,0x102,2,57 00
1787422869.687196,0x100,2,68 00
1787422869.687296,0x101,2,58 11
1787422869.687336,0x102,2,57 00
1787422870.188455,0x100,2,6A 00
1787422870.188526,0x101,2,9E 11
1787422870.188533,0x102,2,57 00
1787422870.689581,0x100,2,6C 00
1787422870.689900,0x101,2,E4 11
1787422870.689944,0x102,2,57 00
1787422871.190743,0x100,2,6E 00
1787422871.190849,0x101,2,2A 12
1787422871.190886,0x102,2,57 00
1787422871.691944,0x100,2,70 00
1787422871.692048,0x101,2,70 12
1787422871.692080,0x102,2,58 00
1787422872.192621,0x100,2,72 00
1787422872.192777,0x101,2,B6 12
1787422872.192815,0x102,2,58 00
1787422872.693191,0x100,2,74 00
1787422872.693284,0x101,2,FC 12
1787422872.693303,0x102,2,58 00
1787422873.193626,0x100,2,76 00
1787422873.193804,0x101,2,42 13
1787422873.193827,0x102,2,58 00
1787422873.694844,0x100,2,78 00
1787422873.694964,0x101,2,88 13
1787422873.694994,0x102,2,58 00
1787422874.196208,0x100,2,76 00
1787422874.196311,0x101,2,42 13
1787422874.196345,0x102,2,58 00
1787422874.697617,0x100,2,74 00
1787422874.697772,0x101,2,FC 12
1787422874.697793,0x102,2,58 00
1787422875.198386,0x100,2,72 00
1787422875.198529,0x101,2,B6 12
1787422875.198546,0x102,2,58 00
1787422875.699110,0x100,2,70 00
1787422875.699263,0x101,2,70 12
1787422875.699302,0x102,2,58 00
1787422876.199962,0x100,2,6E 00
1787422876.200088,0x101,2,2A 12
1787422876.200127,0x102,2,58 00
1787422876.700537,0x100,2,6C 00
1787422876.700705,0x101,2,E4 11
1787422876.700722,0x102,2,59 00
1787422877.201157,0x100,2,6A 00
1787422877.201223,0x101,2,9E 11
1787422877.201240,0x102,2,59 00
1787422877.701891,0x100,2,68 00
1787422877.702015,0x101,2,58 11
1787422877.702050,0x102,2,59 00
1787422878.202674,0x100,2,66 00
1787422878.202766,0x101,2,12 11
1787422878.202799,0x102,2,59 00
1787422878.703788,0x100,2,64 00
1787422878.703916,0x101,2,CC 10
1787422878.703956,0x102,2,59 00
1787422879.205057,0x100,2,62 00
1787422879.205200,0x101,2,86 10
1787422879.205269,0x102,2,59 00
1787422879.706207,0x100,2,60 00
1787422879.706318,0x101,2,40 10
1787422879.706365,0x102,2,59 00
1787422880.207328,0x100,2,5E 00
1787422880.207435,0x101,2,FA 0F
1787422880.207485,0x102,2,59 00
1787422880.708020,0x100,2,5C 00
1787422880.708218,0x101,2,B4 0F
1787422880.708244,0x102,2,59 00
1787422881.208593,0x100,2,5A 00
1787422881.208643,0x101,2,6E 0F
1787422881.208652,0x102,2,59 00
1787422881.709250,0x100,2,58 00
1787422881.709345,0x101,2,28 0F
1787422881.709391,0x102,2,5A 00
1787422882.210111,0x100,2,56 00
1787422882.210231,0x101,2,E2 0E
1787422882.210275,0x102,2,5A 00
1787422882.711478,0x100,2,54 00
1787422882.711730,0x101,2,9C 0E
1787422882.711783,0x102,2,5A 00
1787422883.212274,0x100,2,52 00
1787422883.212452,0x101,2,56 0E
1787422883.212530,0x102,2,5A 00
1787422883.713008,0x100,2,50 00
1787422883.713145,0x101,2,10 0E
1787422883.718610,0x102,2,5A 00
1787422884.213742,0x100,2,4E 00
1787422884.213860,0x101,2,CA 0D
1787422884.213884,0x102,2,5A 00
1787422884.714312,0x100,2,4C 00
1787422884.714400,0x101,2,84 0D
1787422884.714409,0x102,2,5A 00
1787422885.214857,0x100,2,4A 00
1787422885.214976,0x101,2,3E 0D
1787422885.214994,0x102,2,5A 00
1787422885.715607,0x100,2,48 00
1787422885.715727,0x101,2,F8 0C
1787422885.715748,0x102,2,5A 00
1787422886.215911,0x100,2,46 00
1787422886.215988,0x101,2,B2 0C
1787422886.215999,0x102,2,5A 00
1787422886.716518,0x100,2,44 00
1787422886.716602,0x101,2,6C 0C
1787422886.716613,0x102,2,5B 00
1787422887.216849,0x100,2,42 00
1787422887.216892,0x101,2,26 0C
1787422887.216903,0x102,2,5B 00
1787422887.717220,0x100,2,40 00
1787422887.717278,0x101,2,E0 0B
1787422887.717288,0x102,2,5B 00
1787422888.217707,0x100,2,3E 00
1787422888.217766,0x101,2,9A 0B
1787422888.217816,0x102,2,5B 00
1787422888.718140,0x100,2,3C 00
1787422888.718225,0x101,2,54 0B
1787422888.718236,0x102,2,5B 00
1787422889.218530,0x100,2,3A 00
1787422889.218637,0x101,2,0E 0B
1787422889.218715,0x102,2,5B 00
1787422889.719076,0x100,2,38 00
1787422889.719129,0x101,2,C8 0A
1787422889.719149,0x102,2,5B 00
1787422890.219402,0x100,2,36 00
1787422890.219482,0x101,2,82 0A
1787422890.219493,0x102,2,5B 00
1787422890.720218,0x100,2,34 00
1787422890.720323,0x101,2,3C 0A
1787422890.720357,0x102,2,5B 00
1787422891.220569,0x100,2,32 00
1787422891.220628,0x101,2,F6 09
1787422891.220645,0x102,2,5B 00
1787422891.720817,0x100,2,30 00
1787422891.720883,0x101,2,B0 09
1787422891.720891,0x102,2,5C 00
1787422892.221291,0x100,2,2E 00
1787422892.221396,0x101,2,6A 09
1787422892.221423,0x102,2,5C 00
1787422892.721796,0x100,2,2C 00
1787422892.721891,0x101,2,24 09
1787422892.721901,0x102,2,5C 00
1787422893.222269,0x100,2,2A 00
1787422893.222332,0x101,2,DE 08
1787422893.222341,0x102,2,5C 00
1787422893.722866,0x100,2,28 00
1787422893.722993,0x101,2,98 08
1787422893.723060,0x102,2,5C 00
1787422894.223344,0x100,2,26 00
1787422894.223459,0x101,2,52 08
1787422894.223476,0x102,2,5C 00
1787422894.723780,0x100,2,24 00
1787422894.723857,0x101,2,0C 08
1787422894.723864,0x102,2,5C 00
1787422895.224340,0x100,2,22 00
1787422895.224467,0x101,2,C6 07
1787422895.224508,0x102,2,5C 00
1787422895.724833,0x100,2,20 00
1787422895.724903,0x101,2,80 07
1787422895.724911,0x102,2,5C 00
1787422896.225894,0x100,2,1E 00
1787422896.226123,0x101,2,3A 07
1787422896.226161,0x102,2,5C 00
1787422896.726678,0x100,2,1C 00
1787422896.726878,0x101,2,F4 06
1787422896.726908,0x102,2,5C 00
1787422897.227228,0x100,2,1A 00
1787422897.227306,0x101,2,AE 06
1787422897.227322,0x102,2,5C 00
1787422897.727770,0x100,2,18 00
1787422897.727836,0x101,2,68 06
1787422897.727854,0x102,2,5C 00
1787422898.228225,0x100,2,16 00
1787422898.228285,0x101,2,22 06
1787422898.228292,0x102,2,5C 00
1787422898.728713,0x100,2,14 00
1787422898.728978,0x101,2,DC 05
1787422898.729045,0x102,2,5C 00
1787422899.229560,0x100,2,12 00
1787422899.229621,0x101,2,96 05
1787422899.229631,0x102,2,5C 00
1787422899.729906,0x100,2,10 00
1787422899.729964,0x101,2,50 05
1787422899.729970,0x102,2,5C 00
1787422900.230429,0x100,2,0E 00
1787422900.230526,0x101,2,0A 05
1787422900.230555,0x102,2,5C 00
1787422900.730889,0x100,2,0C 00
1787422900.730929,0x101,2,C4 04
1787422900.730936,0x102,2,5C 00
1787422901.231239,0x100,2,0A 00
1787422901.231304,0x101,2,7E 04
1787422901.231312,0x102,2,5C 00
1787422901.731737,0x100,2,08 00
1787422901.731781,0x101,2,38 04
1787422901.731786,0x102,2,5C 00
1787422902.232366,0x100,2,06 00
1787422902.232466,0x101,2,F2 03
1787422902.232483,0x102,2,5C 00
1787422902.733308,0x100,2,04 00
1787422902.733417,0x101,2,AC 03
1787422902.733452,0x102,2,5C 00
1787422903.233718,0x100,2,02 00
1787422903.233763,0x101,2,66 03
1787422903.233797,0x102,2,5C 00
1787422903.736598,0x100,2,00 00
1787422903.736643,0x101,2,20 03
1787422903.736649,0x102,2,5C 00
1787422904.237151,0x100,2,02 00
1787422904.237280,0x101,2,66 03
1787422904.237298,0x102,2,5B 00
1787422904.738031,0x100,2,04 00
1787422904.738158,0x101,2,AC 03
1787422904.738171,0x102,2,5B 00
1787422905.238618,0x100,2,06 00
1787422905.238676,0x101,2,F2 03
1787422905.238689,0x102,2,5B 00
1787422905.739066,0x100,2,08 00
1787422905.739155,0x101,2,38 04
1787422905.739273,0x102,2,5B 00
1787422906.239736,0x100,2,0A 00
1787422906.239821,0x101,2,7E 04
1787422906.239828,0x102,2,5B 00
1787422906.740090,0x100,2,0C 00
1787422906.740151,0x101,2,C4 04
1787422906.740161,0x102,2,5B 00
1787422907.240417,0x100,2,0E 00
1787422907.240475,0x101,2,0A 05
1787422907.240481,0x102,2,5B 00
1787422907.740705,0x100,2,10 00
1787422907.740759,0x101,2,50 05
1787422907.740766,0x102,2,5B 00
1787422908.241150,0x100,2,12 00
1787422908.241210,0x101,2,96 05
1787422908.241217,0x102,2,5B 00
1787422908.741433,0x100,2,14 00
1787422908.741493,0x101,2,DC 05
1787422908.741501,0x102,2,5B 00
1787422909.241929,0x100,2,16 00
1787422909.242027,0x101,2,22 06
1787422909.242125,0x102,2,5B 00
1787422909.742375,0x100,2,18 00
1787422909.742467,0x101,2,68 06
1787422909.742482,0x102,2,5B 00
1787422910.243117,0x100,2,1A 00
1787422910.243252,0x101,2,AE 06
1787422910.243283,0x102,2,5B 00
1787422910.743924,0x100,2,1C 00
1787422910.744052,0x101,2,F4 06
1787422910.744065,0x102,2,5B 00
1787422911.244405,0x100,2,1E 00
1787422911.244700,0x101,2,3A 07
1787422911.244711,0x102,2,5B 00
1787422911.745143,0x100,2,20 00
1787422911.745255,0x101,2,80 07
1787422911.745268,0x102,2,5B 00
1787422912.245745,0x100,2,22 00
1787422912.245856,0x101,2,C6 07
1787422912.245921,0x102,2,5B 00
1787422912.746012,0x100,2,24 00
1787422912.746092,0x101,2,0C 08
1787422912.746110,0x102,2,5B 00
1787422913.246384,0x100,2,26 00
1787422913.246462,0x101,2,52 08
1787422913.246477,0x102,2,5B 00
1787422913.746894,0x100,2,28 00
1787422913.748615,0x101,2,98 08
1787422913.748694,0x102,2,5B 00
1787422914.248713,0x100,2,2A 00
1787422914.248810,0x101,2,DE 08
1787422914.248820,0x102,2,5B 00
1787422914.749412,0x100,2,2C 00
1787422914.749584,0x101,2,24 09
1787422914.755879,0x102,2,5B 00
1787422915.250041,0x100,2,2E 00
1787422915.250256,0x101,2,6A 09
1787422915.250290,0x102,2,5C 00
1787422915.750616,0x100,2,30 00
1787422915.750715,0x101,2,B0 09
1787422915.750726,0x102,2,5C 00
1787422916.251187,0x100,2,32 00
1787422916.251358,0x101,2,F6 09
1787422916.251385,0x102,2,5C 00
1787422916.751756,0x100,2,34 00
1787422916.751880,0x101,2,3C 0A
1787422916.751913,0x102,2,5C 00
1787422917.252663,0x100,2,36 00
1787422917.253331,0x101,2,82 0A
1787422917.253357,0x102,2,5C 00
1787422917.753729,0x100,2,38 00
1787422917.753780,0x101,2,C8 0A
1787422917.753787,0x102,2,5C 00
1787422918.254021,0x100,2,3A 00
1787422918.254078,0x101,2,0E 0B
1787422918.254087,0x102,2,5C 00
1787422918.754319,0x100,2,3C 00
1787422918.754375,0x101,2,54 0B
1787422918.754383,0x102,2,5C 00
1787422919.254802,0x100,2,3E 00
1787422919.254955,0x101,2,9A 0B
1787422919.254974,0x102,2,5C 00
1787422919.755482,0x100,2,40 00
1787422919.755890,0x101,2,E0 0B
1787422919.755933,0x102,2,5C 00
1787422920.256221,0x100,2,42 00
1787422920.256304,0x101,2,26 0C
1787422920.256321,0x102,2,5D 00
1787422920.756722,0x100,2,44 00
1787422920.756780,0x101,2,6C 0C
1787422920.756789,0x102,2,5D 00
1787422921.257273,0x100,2,46 00
1787422921.257404,0x101,2,B2 0C
1787422921.257439,0x102,2,5D 00
1787422921.758144,0x100,2,48 00
1787422921.758305,0x101,2,F8 0C
1787422921.758341,0x102,2,5D 00
1787422922.258515,0x100,2,4A 00
1787422922.258589,0x101,2,3E 0D
1787422922.258596,0x102,2,5D 00
1787422922.758880,0x100,2,4C 00
1787422922.759001,0x101,2,84 0D
1787422922.759019,0x102,2,5D 00
1787422923.259874,0x100,2,4E 00
1787422923.259986,0x101,2,CA 0D
1787422923.260026,0x102,2,5D 00
1787422923.760814,0x100,2,50 00
1787422923.760914,0x101,2,10 0E
1787422923.760953,0x102,2,5D 00
1787422924.261745,0x100,2,52 00
1787422924.261873,0x101,2,56 0E
1787422924.261905,0x102,2,5D 00
1787422924.762607,0x100,2,54 00
1787422924.762759,0x101,2,9C 0E
1787422924.762779,0x102,2,5D 00
1787422925.263327,0x100,2,56 00
1787422925.263574,0x101,2,E2 0E
1787422925.263608,0x102,2,5E 00
1787422925.763996,0x100,2,58 00
1787422925.764150,0x101,2,28 0F
1787422925.764170,0x102,2,5E 00
1787422926.264512,0x100,2,5A 00
1787422926.264557,0x101,2,6E 0F
1787422926.264563,0x102,2,5E 00
1787422926.765160,0x100,2,5C 00
1787422926.765302,0x101,2,B4 0F
1787422926.765337,0x102,2,5E 00
1787422927.266248,0x100,2,5E 00
1787422927.266337,0x101,2,FA 0F
1787422927.266398,0x102,2,5E 00
1787422927.766963,0x100,2,60 00
1787422927.767093,0x101,2,40 10
1787422927.767138,0x102,2,5E 00
1787422928.267799,0x100,2,62 00
1787422928.268005,0x101,2,86 10
1787422928.268044,0x102,2,5E 00
1787422928.768546,0x100,2,64 00
1787422928.768691,0x101,2,CC 10
1787422928.768714,0x102,2,5E 00
1787422929.269224,0x100,2,66 00
1787422929.269373,0x101,2,12 11
1787422929.269414,0x102,2,5E 00
1787422929.770120,0x100,2,68 00
1787422929.770297,0x101,2,58 11
1787422929.770322,0x102,2,5E 00
1787422930.270716,0x100,2,6A 00
1787422930.270762,0x101,2,9E 11
1787422930.270768,0x102,2,5F 00
1787422930.771538,0x100,2,6C 00
1787422930.771655,0x101,2,E4 11
1787422930.771675,0x102,2,5F 00
1787422931.272169,0x100,2,6E 00
1787422931.272359,0x101,2,2A 12
1787422931.272386,0x102,2,5F 00
1787422931.773280,0x100,2,70 00
1787422931.773376,0x101,2,70 12
1787422931.773408,0x102,2,5F 00
1787422932.274462,0x100,2,72 00
1787422932.274558,0x101,2,B6 12
1787422932.274598,0x102,2,5F 00
1787422932.775383,0x100,2,74 00
1787422932.775480,0x101,2,FC 12
1787422932.775520,0x102,2,5F 00
1787422933.277041,0x100,2,76 00
1787422933.277142,0x101,2,42 13
1787422933.277171,0x102,2,5F 00
1787422933.777729,0x100,2,78 00
1787422933.778074,0x101,2,88 13
1787422933.778103,0x102,2,5F 00
1787422934.278421,0x100,2,76 00
1787422934.278545,0x101,2,42 13
1787422934.278567,0x102,2,5F 00
1787422934.778905,0x100,2,74 00
1787422934.779006,0x101,2,FC 12
1787422934.779034,0x102,2,5F 00
1787422935.279613,0x100,2,72 00
1787422935.279691,0x101,2,B6 12
1787422935.279714,0x102,2,60 00
1787422935.780831,0x100,2,70 00
1787422935.780943,0x101,2,70 12
1787422935.781011,0x102,2,60 00
1787422936.281536,0x100,2,6E 00
1787422936.281649,0x101,2,2A 12
1787422936.281731,0x102,2,60 00
1787422936.782475,0x100,2,6C 00
1787422936.782582,0x101,2,E4 11
1787422936.782619,0x102,2,60 00
1787422937.283138,0x100,2,6A 00
1787422937.283339,0x101,2,9E 11
1787422937.283425,0x102,2,60 00
1787422937.784140,0x100,2,68 00
1787422937.784239,0x101,2,58 11
1787422937.784279,0x102,2,60 00
1787422938.284662,0x100,2,66 00
1787422938.284829,0x101,2,12 11
1787422938.284841,0x102,2,60 00
1787422938.785140,0x100,2,64 00
1787422938.785210,0x101,2,CC 10
1787422938.785216,0x102,2,60 00
1787422939.286233,0x100,2,62 00
1787422939.286333,0x101,2,86 10
1787422939.286371,0x102,2,60 00
1787422939.788008,0x100,2,60 00
1787422939.788180,0x101,2,40 10
1787422939.788203,0x102,2,60 00
1787422940.290030,0x100,2,5E 00
1787422940.290227,0x101,2,FA 0F
1787422940.290265,0x102,2,61 00
1787422940.790956,0x100,2,5C 00
1787422940.791082,0x101,2,B4 0F
1787422940.791149,0x102,2,61 00
1787422941.291463,0x100,2,5A 00
1787422941.291575,0x101,2,6E 0F
1787422941.291588,0x102,2,61 00
1787422941.792084,0x100,2,58 00
1787422941.792317,0x101,2,28 0F
1787422941.792378,0x102,2,61 00
1787422942.292704,0x100,2,56 00
1787422942.292787,0x101,2,E2 0E
1787422942.292802,0x102,2,61 00
1787422942.793178,0x100,2,54 00
1787422942.793327,0x101,2,9C 0E
1787422942.793358,0x102,2,61 00
1787422943.294363,0x100,2,52 00
1787422943.294474,0x101,2,56 0E
1787422943.294525,0x102,2,61 00
1787422943.795701,0x100,2,50 00
1787422943.795868,0x101,2,10 0E
1787422943.795917,0x102,2,61 00
1787422944.296871,0x100,2,4E 00
1787422944.296972,0x101,2,CA 0D
1787422944.297011,0x102,2,61 00
1787422944.797299,0x100,2,4C 00
1787422944.797592,0x101,2,84 0D
1787422944.797651,0x102,2,61 00
1787422945.298029,0x100,2,4A 00
1787422945.298102,0x101,2,3E 0D
1787422945.298116,0x102,2,62 00
1787422945.798713,0x100,2,48 00
1787422945.798939,0x101,2,F8 0C
1787422945.799076,0x102,2,62 00
1787422946.298870,0x100,2,46 00
1787422946.298953,0x101,2,B2 0C
1787422946.298964,0x102,2,62 00
1787422946.799532,0x100,2,44 00
1787422946.799675,0x101,2,6C 0C
1787422946.799699,0x102,2,62 00
1787422947.300554,0x100,2,42 00
1787422947.300906,0x101,2,26 0C
1787422947.308504,0x102,2,62 00
1787422947.800989,0x100,2,40 00
1787422947.801069,0x101,2,E0 0B
1787422947.801079,0x102,2,62 00
1787422948.301422,0x100,2,3E 00
1787422948.301475,0x101,2,9A 0B
1787422948.301483,0x102,2,62 00
1787422948.802081,0x100,2,3C 00
1787422948.802311,0x101,2,54 0B
1787422948.802346,0x102,2,62 00
1787422949.302898,0x100,2,3A 00
1787422949.303030,0x101,2,0E 0B
1787422949.303060,0x102,2,62 00
1787422949.803839,0x100,2,38 00
1787422949.803952,0x101,2,C8 0A
1787422949.803992,0x102,2,62 00
1787422950.304414,0x100,2,36 00
1787422950.304564,0x101,2,82 0A
1787422950.304621,0x102,2,63 00
1787422950.805000,0x100,2,34 00
1787422950.805143,0x101,2,3C 0A
1787422950.805156,0x102,2,63 00
1787422951.306030,0x100,2,32 00
1787422951.306171,0x101,2,F6 09
1787422951.306196,0x102,2,63 00
1787422951.806806,0x100,2,30 00
1787422951.806989,0x101,2,B0 09
1787422951.807023,0x102,2,63 00
1787422952.307698,0x100,2,2E 00
1787422952.307999,0x101,2,6A 09
1787422952.308047,0x102,2,63 00
1787422952.808450,0x100,2,2C 00
1787422952.808589,0x101,2,24 09
1787422952.808627,0x102,2,63 00
1787422953.309887,0x100,2,2A 00
1787422953.310006,0x101,2,DE 08
1787422953.310036,0x102,2,63 00
1787422953.810672,0x100,2,28 00
1787422953.810821,0x101,2,98 08
1787422953.810869,0x102,2,63 00
1787422954.311234,0x100,2,26 00
1787422954.311311,0x101,2,52 08
1787422954.311320,0x102,2,63 00
1787422954.811600,0x100,2,24 00
1787422954.811650,0x101,2,0C 08
1787422954.811658,0x102,2,63 00
1787422955.312047,0x100,2,22 00
1787422955.312170,0x101,2,C6 07
1787422955.312186,0x102,2,64 00
1787422955.812720,0x100,2,20 00
1787422955.812831,0x101,2,80 07
1787422955.812865,0x102,2,64 00
1787422956.313239,0x100,2,1E 00
1787422956.313347,0x101,2,3A 07
1787422956.313367,0x102,2,63 00
1787422956.813545,0x100,2,1C 00
1787422956.813613,0x101,2,F4 06
1787422956.813622,0x102,2,63 00
1787422957.314249,0x100,2,1A 00
1787422957.314361,0x101,2,AE 06
1787422957.314403,0x102,2,63 00
1787422957.815194,0x100,2,18 00
1787422957.815295,0x101,2,68 06
1787422957.815340,0x102,2,63 00
1787422958.315983,0x100,2,16 00
1787422958.316199,0x101,2,22 06
1787422958.316225,0x102,2,63 00
1787422958.816676,0x100,2,14 00
1787422958.816844,0x101,2,DC 05
1787422958.816894,0x102,2,63 00
1787422959.317186,0x100,2,12 00
1787422959.317316,0x101,2,96 05
1787422959.317326,0x102,2,63 00
1787422959.817757,0x100,2,10 00
1787422959.817833,0x101,2,50 05
1787422959.817840,0x102,2,63 00
1787422960.318320,0x100,2,0E 00
1787422960.318466,0x101,2,0A 05
1787422960.318495,0x102,2,63 00
Timestamp,CAN_ID,DLC,Data
1787423630.206355,0x100,2,5A 00
1787423630.206400,0x101,2,6E 0F
1787423630.206407,0x102,2,64 00
1787423630.707155,0x100,2,58 00
1787423630.707429,0x101,2,28 0F
1787423630.707454,0x102,2,64 00
1787423631.207897,0x100,2,56 00
1787423631.207948,0x101,2,E2 0E
1787423631.207960,0x102,2,64 00
1787423631.708428,0x100,2,54 00
1787423631.708522,0x101,2,9C 0E
1787423631.708734,0x102,2,64 00
1787423632.209373,0x100,2,52 00
1787423632.209917,0x101,2,56 0E
1787423632.209969,0x102,2,64 00
1787423632.710230,0x100,2,50 00
1787423632.710302,0x101,2,10 0E
1787423632.710311,0x102,2,64 00
1787423633.210590,0x100,2,4E 00
1787423633.210660,0x101,2,CA 0D
1787423633.210670,0x102,2,64 00
1787423633.711346,0x100,2,4C 00
1787423633.711449,0x101,2,84 0D
1787423633.711463,0x102,2,64 00
1787423634.212415,0x100,2,4A 00
1787423634.212658,0x101,2,3E 0D
1787423634.212691,0x102,2,64 00
1787423634.713543,0x100,2,48 00
1787423634.713651,0x101,2,F8 0C
1787423634.713736,0x102,2,64 00
1787423635.214002,0x100,2,46 00
1787423635.214112,0x101,2,B2 0C
1787423635.214134,0x102,2,64 00
1787423635.714709,0x100,2,44 00
1787423635.714806,0x101,2,6C 0C
1787423635.714819,0x102,2,64 00
1787423636.215453,0x100,2,42 00
1787423636.215533,0x101,2,26 0C
1787423636.215545,0x102,2,64 00
1787423636.715948,0x100,2,40 00
1787423636.716186,0x101,2,E0 0B
1787423636.716296,0x102,2,64 00
1787423637.216383,0x100,2,3E 00
1787423637.216496,0x101,2,9A 0B
1787423637.216518,0x102,2,64 00
1787423637.716748,0x100,2,3C 00
1787423637.716857,0x101,2,54 0B
1787423637.716873,0x102,2,64 00
1787423637.718540,0x200,4,AA BB CC DD
1787423638.217537,0x100,2,3A 00
1787423638.217661,0x101,2,0E 0B
1787423638.217722,0x102,2,64 00
1787423638.717865,0x100,2,38 00
1787423638.718034,0x101,2,C8 0A
1787423638.718163,0x102,2,64 00
1787423639.218665,0x100,2,36 00
1787423639.218774,0x101,2,82 0A
1787423639.218803,0x102,2,64 00
1787423639.720101,0x100,2,34 00
1787423639.720207,0x101,2,3C 0A
1787423639.720267,0x102,2,64 00
1787423640.221293,0x100,2,32 00
1787423640.221406,0x101,2,F6 09
1787423640.221434,0x102,2,64 00
1787423640.721566,0x100,2,30 00
1787423640.721624,0x101,2,B0 09
1787423640.721633,0x102,2,64 00
1787423641.221886,0x100,2,2E 00
1787423641.221925,0x101,2,6A 09
1787423641.221932,0x102,2,64 00
1787423641.722473,0x100,2,2C 00
1787423641.722543,0x101,2,24 09
1787423641.722591,0x102,2,64 00
1787423642.223487,0x100,2,2A 00
1787423642.223725,0x101,2,DE 08
1787423642.223738,0x102,2,64 00
1787423642.724127,0x100,2,28 00
1787423642.724305,0x101,2,98 08
1787423642.724327,0x102,2,64 00
1787423643.224661,0x100,2,26 00
1787423643.224727,0x101,2,52 08
1787423643.224736,0x102,2,64 00
1787423643.725089,0x100,2,24 00
1787423643.725173,0x101,2,0C 08
1787423643.725182,0x102,2,64 00
1787423644.225636,0x100,2,22 00
1787423644.225783,0x101,2,C6 07
1787423644.225829,0x102,2,64 00
1787423644.726125,0x100,2,20 00
1787423644.726193,0x101,2,80 07
1787423644.726200,0x102,2,64 00
1787423645.226445,0x100,2,1E 00
1787423645.226518,0x101,2,3A 07
1787423645.226526,0x102,2,63 00
1787423645.727787,0x100,2,1C 00
1787423645.728105,0x101,2,F4 06
1787423645.728194,0x102,2,63 00
1787423646.228688,0x100,2,1A 00
1787423646.228840,0x101,2,AE 06
1787423646.228861,0x102,2,63 00
1787423646.729530,0x100,2,18 00
1787423646.729812,0x101,2,68 06
1787423646.729841,0x102,2,63 00
1787423647.230450,0x100,2,16 00
1787423647.230618,0x101,2,22 06
1787423647.230641,0x102,2,63 00
1787423647.731170,0x100,2,14 00
1787423647.731268,0x101,2,DC 05
1787423647.731288,0x102,2,63 00
1787423648.232005,0x100,2,12 00
1787423648.232238,0x101,2,96 05
1787423648.232322,0x102,2,63 00
1787423648.633510,0x200,4,AA BB CC DD
1787423648.732506,0x100,2,10 00
1787423648.732641,0x101,2,50 05
1787423648.732653,0x102,2,63 00
1787423649.233004,0x100,2,0E 00
1787423649.233088,0x101,2,0A 05
1787423649.233094,0x102,2,63 00
1787423649.734679,0x100,2,0C 00
1787423649.734790,0x101,2,C4 04
1787423649.734808,0x102,2,63 00
1787423650.235503,0x100,2,0A 00
1787423650.235688,0x101,2,7E 04
1787423650.235726,0x102,2,63 00
1787423650.736344,0x100,2,08 00
1787423650.736494,0x101,2,38 04
1787423650.736551,0x102,2,63 00
1787423651.237610,0x100,2,06 00
1787423651.237971,0x101,2,F2 03
1787423651.238008,0x102,2,63 00
1787423651.739239,0x100,2,04 00
1787423651.739595,0x101,2,AC 03
1787423651.739638,0x102,2,63 00
1787423652.239624,0x100,2,02 00
1787423652.239703,0x101,2,66 03
1787423652.239711,0x102,2,63 00
1787423652.740064,0x100,2,00 00
1787423652.740150,0x101,2,20 03
1787423652.740157,0x102,2,63 00
1787423653.241366,0x100,2,02 00
1787423653.241469,0x101,2,66 03
1787423653.241491,0x102,2,63 00
1787423653.742893,0x100,2,04 00
1787423653.743284,0x101,2,AC 03
1787423653.743440,0x102,2,63 00
1787423654.243767,0x100,2,06 00
1787423654.243951,0x101,2,F2 03
1787423654.243979,0x102,2,63 00
1787423654.744603,0x100,2,08 00
1787423654.744751,0x101,2,38 04
1787423654.744772,0x102,2,63 00
1787423655.245490,0x100,2,0A 00
1787423655.245584,0x101,2,7E 04
1787423655.245880,0x102,2,62 00
1787423655.746105,0x100,2,0C 00
1787423655.746211,0x101,2,C4 04
1787423655.746239,0x102,2,62 00
1787423656.246416,0x100,2,0E 00
1787423656.246482,0x101,2,0A 05
1787423656.246489,0x102,2,62 00
1787423656.746979,0x100,2,10 00
1787423656.747051,0x101,2,50 05
1787423656.747061,0x102,2,62 00
1787423657.248305,0x100,2,12 00
1787423657.248431,0x101,2,96 05
1787423657.248460,0x102,2,62 00
1787423657.749548,0x100,2,14 00
1787423657.749636,0x101,2,DC 05
1787423657.749655,0x102,2,62 00
1787423658.249783,0x100,2,16 00
1787423658.249834,0x101,2,22 06
1787423658.249839,0x102,2,62 00
1787423658.750708,0x100,2,18 00
1787423658.750886,0x101,2,68 06
1787423658.750911,0x102,2,62 00
1787423659.251672,0x100,2,1A 00
1787423659.251876,0x101,2,AE 06
1787423659.251915,0x102,2,62 00
1787423659.752411,0x100,2,1C 00
1787423659.752450,0x101,2,F4 06
1787423659.752458,0x102,2,62 00
1787423660.252688,0x100,2,1E 00
1787423660.252776,0x101,2,3A 07
1787423660.252808,0x102,2,62 00
1787423660.753162,0x100,2,20 00
1787423660.753242,0x101,2,80 07
1787423660.753249,0x102,2,62 00
1787423661.253448,0x100,2,22 00
1787423661.253557,0x101,2,C6 07
1787423661.253621,0x102,2,62 00
1787423661.754013,0x100,2,24 00
1787423661.754204,0x101,2,0C 08
1787423661.754239,0x102,2,62 00
1787423662.254639,0x100,2,26 00
1787423662.254694,0x101,2,52 08
1787423662.254709,0x102,2,62 00
1787423662.755183,0x100,2,28 00
1787423662.755228,0x101,2,98 08
1787423662.755241,0x102,2,62 00
1787423663.255325,0x100,2,2A 00
1787423663.255375,0x101,2,DE 08
1787423663.255382,0x102,2,63 00
1787423663.755594,0x100,2,2C 00
1787423663.755665,0x101,2,24 09
1787423663.755678,0x102,2,63 00
1787423664.256123,0x100,2,2E 00
1787423664.256225,0x101,2,6A 09
1787423664.256241,0x102,2,63 00
1787423664.365500,0x200,4,AA BB CC DD
1787423664.756759,0x100,2,30 00
1787423664.756869,0x101,2,B0 09
1787423664.756879,0x102,2,63 00
1787423665.257025,0x100,2,32 00
1787423665.257109,0x101,2,F6 09
1787423665.257136,0x102,2,63 00
1787423665.757976,0x100,2,34 00
1787423665.758202,0x101,2,3C 0A
1787423665.758252,0x102,2,63 00
1787423666.258882,0x100,2,36 00
1787423666.258960,0x101,2,82 0A
1787423666.258976,0x102,2,63 00
1787423666.759801,0x100,2,38 00
1787423666.760015,0x101,2,C8 0A
1787423666.760062,0x102,2,63 00
1787423667.261287,0x100,2,3A 00
1787423667.261622,0x101,2,0E 0B
1787423667.261649,0x102,2,63 00
1787423667.761869,0x100,2,3C 00
1787423667.761922,0x101,2,54 0B
1787423667.761930,0x102,2,63 00
1787423668.262222,0x100,2,3E 00
1787423668.262298,0x101,2,9A 0B
1787423668.262307,0x102,2,64 00
1787423668.762993,0x100,2,40 00
1787423668.763121,0x101,2,E0 0B
1787423668.763130,0x102,2,64 00
1787423669.263574,0x100,2,42 00
1787423669.263649,0x101,2,26 0C
1787423669.263662,0x102,2,64 00
1787423669.764844,0x100,2,44 00
1787423669.764920,0x101,2,6C 0C
1787423669.764938,0x102,2,64 00
1787423670.265499,0x100,2,46 00
1787423670.265780,0x101,2,B2 0C
1787423670.265807,0x102,2,64 00
1787423670.765974,0x100,2,48 00
1787423670.766117,0x101,2,F8 0C
1787423670.766129,0x102,2,64 00
1787423671.266864,0x100,2,4A 00
1787423671.267124,0x101,2,3E 0D
1787423671.267159,0x102,2,64 00
1787423671.768296,0x100,2,4C 00
1787423671.768460,0x101,2,84 0D
1787423671.768498,0x102,2,64 00
1787423672.269028,0x100,2,4E 00
1787423672.269262,0x101,2,CA 0D
1787423672.269276,0x102,2,64 00
1787423672.769350,0x100,2,50 00
1787423672.769421,0x101,2,10 0E
1787423672.769428,0x102,2,64 00
1787423673.270367,0x100,2,52 00
1787423673.270453,0x101,2,56 0E
1787423673.270471,0x102,2,64 00
1787423673.771359,0x100,2,54 00
1787423673.771620,0x101,2,9C 0E
1787423673.771645,0x102,2,64 00
1787423674.272027,0x100,2,56 00
1787423674.272247,0x101,2,E2 0E
1787423674.272289,0x102,2,64 00
1787423674.772888,0x100,2,58 00
1787423674.773223,0x101,2,28 0F
1787423674.773248,0x102,2,64 00
1787423675.274176,0x100,2,5A 00
1787423675.274433,0x101,2,6E 0F
1787423675.274477,0x102,2,64 00
1787423675.775129,0x100,2,5C 00
1787423675.775258,0x101,2,B4 0F
1787423675.775281,0x102,2,64 00
1787423676.275858,0x100,2,5E 00
1787423676.276060,0x101,2,FA 0F
1787423676.276185,0x102,2,64 00
1787423676.776459,0x100,2,60 00
1787423676.776615,0x101,2,40 10
1787423676.776776,0x102,2,64 00
1787423677.277806,0x100,2,62 00
1787423677.277968,0x101,2,86 10
1787423677.278203,0x102,2,64 00
1787423677.779374,0x100,2,64 00
1787423677.779938,0x101,2,CC 10
1787423677.779967,0x102,2,64 00
1787423678.280128,0x100,2,66 00
1787423678.280316,0x101,2,12 11
1787423678.280329,0x102,2,64 00
1787423678.780448,0x100,2,68 00
1787423678.780507,0x101,2,58 11
1787423678.780517,0x102,2,64 00
1787423679.281610,0x100,2,6A 00
1787423679.281803,0x101,2,9E 11
1787423679.281855,0x102,2,64 00
1787423679.783095,0x100,2,6C 00
1787423679.783203,0x101,2,E4 11
1787423679.783223,0x102,2,64 00
1787423680.283334,0x100,2,6E 00
1787423680.283426,0x101,2,2A 12
1787423680.283443,0x102,2,64 00
1787423680.784230,0x100,2,70 00
1787423680.784488,0x101,2,70 12
1787423680.784510,0x102,2,64 00
1787423681.285260,0x100,2,72 00
1787423681.285368,0x101,2,B6 12
1787423681.285393,0x102,2,64 00
1787423681.786068,0x100,2,74 00
1787423681.786263,0x101,2,FC 12
1787423681.786300,0x102,2,64 00
1787423682.287092,0x100,2,76 00
1787423682.287409,0x101,2,42 13
1787423682.287436,0x102,2,64 00
1787423682.788260,0x100,2,78 00
1787423682.788429,0x101,2,88 13
1787423682.788466,0x102,2,64 00
1787423683.293163,0x100,2,76 00
1787423683.293302,0x101,2,42 13
1787423683.293342,0x102,2,64 00
1787423683.793881,0x100,2,74 00
1787423683.794124,0x101,2,FC 12
1787423683.794152,0x102,2,64 00
1787423684.294365,0x100,2,72 00
1787423684.294481,0x101,2,B6 12
1787423684.294487,0x102,2,64 00
1787423684.795633,0x100,2,70 00
1787423684.795886,0x101,2,70 12
1787423684.795927,0x102,2,64 00
1787423685.297064,0x100,2,6E 00
1787423685.297187,0x101,2,2A 12
1787423685.297211,0x102,2,64 00
1787423685.798322,0x100,2,6C 00
1787423685.798486,0x101,2,E4 11
1787423685.798525,0x102,2,64 00
1787423686.299543,0x100,2,6A 00
1787423686.299642,0x101,2,9E 11
1787423686.299667,0x102,2,64 00
1787423686.800339,0x100,2,68 00
1787423686.800625,0x101,2,58 11
1787423686.800668,0x102,2,64 00
1787423687.301755,0x100,2,66 00
1787423687.302343,0x101,2,12 11
1787423687.302424,0x102,2,64 00
1787423687.802617,0x100,2,64 00
1787423687.802807,0x101,2,CC 10
1787423687.802932,0x102,2,64 00
1787423688.303004,0x100,2,62 00
1787423688.303080,0x101,2,86 10
1787423688.303089,0x102,2,64 00
1787423688.803989,0x100,2,60 00
1787423688.804097,0x101,2,40 10
1787423688.804120,0x102,2,64 00
1787423689.187771,0x200,4,AA BB CC DD
1787423689.304527,0x100,2,5E 00
1787423689.304594,0x101,2,FA 0F
1787423689.304601,0x102,2,64 00
1787423689.804958,0x100,2,5C 00
1787423689.805014,0x101,2,B4 0F
1787423689.805026,0x102,2,64 00
1787423690.305433,0x100,2,5A 00
1787423690.305543,0x101,2,6E 0F
1787423690.305553,0x102,2,64 00
1787423690.806476,0x100,2,58 00
1787423690.806650,0x101,2,28 0F
1787423690.806694,0x102,2,64 00
1787423691.307084,0x100,2,56 00
1787423691.307272,0x101,2,E2 0E
1787423691.307290,0x102,2,64 00
1787423691.807448,0x100,2,54 00
1787423691.807530,0x101,2,9C 0E
1787423691.807538,0x102,2,64 00
1787423692.307830,0x100,2,52 00
1787423692.307912,0x101,2,56 0E
1787423692.307920,0x102,2,64 00
1787423692.808337,0x100,2,50 00
1787423692.808370,0x101,2,10 0E
1787423692.808375,0x102,2,64 00
1787423693.309188,0x100,2,4E 00
1787423693.309295,0x101,2,CA 0D
1787423693.309517,0x102,2,64 00
1787423693.809696,0x100,2,4C 00
1787423693.810272,0x101,2,84 0D
1787423693.810456,0x102,2,64 00
1787423694.310366,0x100,2,4A 00
1787423694.310432,0x101,2,3E 0D
1787423694.310443,0x102,2,64 00
1787423694.811568,0x100,2,48 00
1787423694.811606,0x101,2,F8 0C
1787423694.811620,0x102,2,64 00
1787423695.311839,0x100,2,46 00
1787423695.311922,0x101,2,B2 0C
1787423695.311929,0x102,2,64 00
1787423695.813436,0x100,2,44 00
1787423695.813551,0x101,2,6C 0C
1787423695.813568,0x102,2,64 00
1787423696.313418,0x100,2,42 00
1787423696.313507,0x101,2,26 0C
1787423696.313516,0x102,2,64 00
1787423696.813794,0x100,2,40 00
1787423696.813878,0x101,2,E0 0B
1787423696.813885,0x102,2,64 00
1787423697.314408,0x100,2,3E 00
1787423697.314670,0x101,2,9A 0B
1787423697.314718,0x102,2,64 00
1787423697.823034,0x100,2,3C 00
1787423697.823293,0x101,2,54 0B
1787423697.823323,0x102,2,64 00
1787423698.324215,0x100,2,3A 00
1787423698.324382,0x101,2,0E 0B
1787423698.324426,0x102,2,64 00
1787423698.824978,0x100,2,38 00
1787423698.825102,0x101,2,C8 0A
1787423698.825157,0x102,2,64 00
1787423699.325211,0x100,2,36 00
1787423699.325394,0x101,2,82 0A
1787423699.325435,0x102,2,64 00
1787423699.826244,0x100,2,34 00
1787423699.826455,0x101,2,3C 0A
1787423699.826502,0x102,2,64 00
1787423700.327432,0x100,2,32 00
1787423700.327700,0x101,2,F6 09
1787423700.327741,0x102,2,64 00
1787423700.828512,0x100,2,30 00
1787423700.828630,0x101,2,B0 09
1787423700.828649,0x102,2,64 00
1787423701.329752,0x100,2,2E 00
1787423701.329910,0x101,2,6A 09
1787423701.329936,0x102,2,64 00
1787423701.830683,0x100,2,2C 00
1787423701.830995,0x101,2,24 09
1787423701.831032,0x102,2,64 00
1787423702.331029,0x100,2,2A 00
1787423702.331110,0x101,2,DE 08
1787423702.331117,0x102,2,64 00
1787423702.831361,0x100,2,28 00
1787423702.831452,0x101,2,98 08
1787423702.831459,0x102,2,64 00
1787423703.331837,0x100,2,26 00
1787423703.331970,0x101,2,52 08
1787423703.331981,0x102,2,64 00
1787423703.832255,0x100,2,24 00
1787423703.832363,0x101,2,0C 08
1787423703.832374,0x102,2,64 00
1787423704.332760,0x100,2,22 00
1787423704.332901,0x101,2,C6 07
1787423704.332935,0x102,2,64 00
1787423704.833159,0x100,2,20 00
1787423704.833341,0x101,2,80 07
1787423704.833368,0x102,2,64 00
1787423705.333594,0x100,2,1E 00
1787423705.333733,0x101,2,3A 07
1787423705.333800,0x102,2,63 00
1787423705.834943,0x100,2,1C 00
1787423705.835184,0x101,2,F4 06
1787423705.835225,0x102,2,63 00
1787423706.335447,0x100,2,1A 00
1787423706.335567,0x101,2,AE 06
1787423706.335580,0x102,2,63 00
1787423706.835899,0x100,2,18 00
1787423706.835977,0x101,2,68 06
1787423706.835986,0x102,2,63 00
1787423707.336504,0x100,2,16 00
1787423707.336603,0x101,2,22 06
1787423707.336613,0x102,2,63 00
1787423707.837610,0x100,2,14 00
1787423707.837819,0x101,2,DC 05
1787423707.837853,0x102,2,63 00
1787423708.338663,0x100,2,12 00
1787423708.338864,0x101,2,96 05
1787423708.338876,0x102,2,63 00
1787423708.839339,0x100,2,10 00
1787423708.839427,0x101,2,50 05
1787423708.839444,0x102,2,63 00
1787423709.340023,0x100,2,0E 00
1787423709.340162,0x101,2,0A 05
1787423709.340215,0x102,2,63 00
1787423709.840312,0x100,2,0C 00
1787423709.840397,0x101,2,C4 04
1787423709.840407,0x102,2,63 00
1787423710.340659,0x100,2,0A 00
1787423710.340750,0x101,2,7E 04
1787423710.340765,0x102,2,63 00
1787423710.841322,0x100,2,08 00
1787423710.841365,0x101,2,38 04
1787423710.841371,0x102,2,63 00
1787423711.342037,0x100,2,06 00
1787423711.342138,0x101,2,F2 03
1787423711.342150,0x102,2,63 00
1787423711.842893,0x100,2,04 00
1787423711.842984,0x101,2,AC 03
1787423711.843013,0x102,2,63 00
1787423712.343442,0x100,2,02 00
1787423712.343510,0x101,2,66 03
1787423712.343523,0x102,2,63 00
1787423712.843721,0x100,2,00 00
1787423712.843957,0x101,2,20 03
1787423712.843970,0x102,2,63 00
1787423713.344219,0x100,2,02 00
1787423713.344304,0x101,2,66 03
1787423713.344311,0x102,2,63 00
1787423713.844621,0x100,2,04 00
1787423713.844728,0x101,2,AC 03
1787423713.844733,0x102,2,63 00
1787423714.345002,0x100,2,06 00
1787423714.345139,0x101,2,F2 03
1787423714.345150,0x102,2,63 00
1787423714.845753,0x100,2,08 00
1787423714.845867,0x101,2,38 04
1787423714.845894,0x102,2,63 00
1787423715.346817,0x100,2,0A 00
1787423715.347062,0x101,2,7E 04
1787423715.347088,0x102,2,62 00
1787423715.847437,0x100,2,0C 00
1787423715.847516,0x101,2,C4 04
1787423715.847524,0x102,2,62 00
1787423716.348222,0x100,2,0E 00
1787423716.348456,0x101,2,0A 05
1787423716.348500,0x102,2,62 00
1787423716.849085,0x100,2,10 00
1787423716.849149,0x101,2,50 05
1787423716.849162,0x102,2,62 00
1787423717.349566,0x100,2,12 00
1787423717.349648,0x101,2,96 05
1787423717.349657,0x102,2,62 00
1787423717.850119,0x100,2,14 00
1787423717.850259,0x101,2,DC 05
1787423717.850280,0x102,2,62 00
1787423718.350635,0x100,2,16 00
1787423718.350794,0x101,2,22 06
1787423718.350815,0x102,2,62 00
1787423718.851044,0x100,2,18 00
1787423718.851155,0x101,2,68 06
1787423718.851161,0x102,2,62 00
1787423719.351441,0x100,2,1A 00
1787423719.351515,0x101,2,AE 06
1787423719.351522,0x102,2,62 00
1787423719.851795,0x100,2,1C 00
1787423719.851879,0x101,2,F4 06
1787423719.851890,0x102,2,62 00
1787423720.352867,0x100,2,1E 00
1787423720.354043,0x101,2,3A 07
1787423720.354131,0x102,2,62 00
1787423720.853047,0x100,2,20 00
1787423720.853244,0x101,2,80 07
1787423720.853264,0x102,2,62 00
1787423721.353744,0x100,2,22 00
1787423721.356131,0x101,2,C6 07
1787423721.356223,0x102,2,62 00
1787423721.856588,0x100,2,24 00
1787423721.856657,0x101,2,0C 08
1787423721.856663,0x102,2,62 00
1787423722.357592,0x100,2,26 00
1787423722.357848,0x101,2,52 08
1787423722.357873,0x102,2,62 00
1787423722.858207,0x100,2,28 00
1787423722.858278,0x101,2,98 08
1787423722.858286,0x102,2,62 00
1787423723.358512,0x100,2,2A 00
1787423723.358622,0x101,2,DE 08
1787423723.358754,0x102,2,63 00
1787423723.858986,0x100,2,2C 00
1787423723.859076,0x101,2,24 09
1787423723.859182,0x102,2,63 00
1787423724.359313,0x100,2,2E 00
1787423724.359394,0x101,2,6A 09
1787423724.359402,0x102,2,63 00
1787423724.859782,0x100,2,30 00
1787423724.859860,0x101,2,B0 09
1787423724.859867,0x102,2,63 00
1787423725.360169,0x100,2,32 00
1787423725.360281,0x101,2,F6 09
1787423725.360291,0x102,2,63 00
1787423725.860811,0x100,2,34 00
1787423725.860876,0x101,2,3C 0A
1787423725.860889,0x102,2,63 00
1787423726.361893,0x100,2,36 00
1787423726.362163,0x101,2,82 0A
1787423726.362197,0x102,2,63 00
1787423726.862809,0x100,2,38 00
1787423726.862932,0x101,2,C8 0A
1787423726.862949,0x102,2,63 00
1787423727.363524,0x100,2,3A 00
1787423727.363669,0x101,2,0E 0B
1787423727.363683,0x102,2,63 00
1787423727.864752,0x100,2,3C 00
1787423727.865050,0x101,2,54 0B
1787423727.865078,0x102,2,63 00
1787423728.365628,0x100,2,3E 00
1787423728.365831,0x101,2,9A 0B
1787423728.365857,0x102,2,64 00
1787423728.866759,0x100,2,40 00
1787423728.866935,0x101,2,E0 0B
1787423728.866954,0x102,2,64 00
1787423729.367621,0x100,2,42 00
1787423729.367820,0x101,2,26 0C
1787423729.367903,0x102,2,64 00
1787423729.868177,0x100,2,44 00
1787423729.868271,0x101,2,6C 0C
1787423729.868281,0x102,2,64 00
1787423730.369320,0x100,2,46 00
1787423730.369506,0x101,2,B2 0C
1787423730.369549,0x102,2,64 00
1787423730.870706,0x100,2,48 00
1787423730.870831,0x101,2,F8 0C
1787423730.870859,0x102,2,64 00
1787423731.371950,0x100,2,4A 00
1787423731.372081,0x101,2,3E 0D
1787423731.372104,0x102,2,64 00
1787423731.873320,0x100,2,4C 00
1787423731.874130,0x101,2,84 0D
1787423731.874284,0x102,2,64 00
1787423732.374833,0x100,2,4E 00
1787423732.375135,0x101,2,CA 0D
1787423732.375159,0x102,2,64 00
1787423732.875890,0x100,2,50 00
1787423732.876079,0x101,2,10 0E
1787423732.876116,0x102,2,64 00
1787423733.376349,0x100,2,52 00
1787423733.376423,0x101,2,56 0E
1787423733.376431,0x102,2,64 00
1787423733.876772,0x100,2,54 00
1787423733.876861,0x101,2,9C 0E
1787423733.877012,0x102,2,64 00
1787423734.377875,0x100,2,56 00
1787423734.378007,0x101,2,E2 0E
1787423734.378031,0x102,2,64 00
1787423734.878661,0x100,2,58 00
1787423734.878737,0x101,2,28 0F
1787423734.878753,0x102,2,64 00
1787423735.379962,0x100,2,5A 00
1787423735.380096,0x101,2,6E 0F
1787423735.380126,0x102,2,64 00
1787423735.881157,0x100,2,5C 00
1787423735.881417,0x101,2,B4 0F
1787423735.881446,0x102,2,64 00
1787423736.381642,0x100,2,5E 00
1787423736.381728,0x101,2,FA 0F
1787423736.381735,0x102,2,64 00
1787423736.882763,0x100,2,60 00
1787423736.882980,0x101,2,40 10
1787423736.883007,0x102,2,64 00
1787423737.383285,0x100,2,62 00
1787423737.383358,0x101,2,86 10
1787423737.383364,0x102,2,64 00
1787423737.883774,0x100,2,64 00
1787423737.883858,0x101,2,CC 10
1787423737.883864,0x102,2,64 00
1787423738.384758,0x100,2,66 00
1787423738.384850,0x101,2,12 11
1787423738.384876,0x102,2,64 00
1787423738.886200,0x100,2,68 00
1787423738.886434,0x101,2,58 11
1787423738.886470,0x102,2,64 00
1787423739.387557,0x100,2,6A 00
1787423739.387766,0x101,2,9E 11
1787423739.387791,0x102,2,64 00
1787423739.888872,0x100,2,6C 00
1787423739.889135,0x101,2,E4 11
1787423739.889179,0x102,2,64 00
1787423740.390070,0x100,2,6E 00
1787423740.390287,0x101,2,2A 12
1787423740.390310,0x102,2,64 00
1787423740.891067,0x100,2,70 00
1787423740.891158,0x101,2,70 12
1787423740.891176,0x102,2,64 00
1787423741.391425,0x100,2,72 00
1787423741.391477,0x101,2,B6 12
1787423741.391491,0x102,2,64 00
1787423741.891780,0x100,2,74 00
1787423741.891891,0x101,2,FC 12
1787423741.891899,0x102,2,64 00
1787423742.392202,0x100,2,76 00
1787423742.392280,0x101,2,42 13
1787423742.392288,0x102,2,64 00
1787423742.892507,0x100,2,78 00
1787423742.892649,0x101,2,88 13
1787423742.892689,0x102,2,64 00
1787423743.392882,0x100,2,76 00
1787423743.392958,0x101,2,42 13
1787423743.392970,0x102,2,64 00
1787423743.893264,0x100,2,74 00
1787423743.893339,0x101,2,FC 12
1787423743.893346,0x102,2,64 00
1787423744.393612,0x100,2,72 00
1787423744.393746,0x101,2,B6 12
1787423744.393890,0x102,2,64 00
1787423744.894276,0x100,2,70 00
1787423744.894352,0x101,2,70 12
1787423744.894361,0x102,2,64 00
1787423745.394662,0x100,2,6E 00
1787423745.394728,0x101,2,2A 12
1787423745.394829,0x102,2,64 00
1787423745.894946,0x100,2,6C 00
1787423745.895055,0x101,2,E4 11
1787423745.895063,0x102,2,64 00
1787423746.395313,0x100,2,6A 00
1787423746.395388,0x101,2,9E 11
1787423746.395397,0x102,2,64 00
1787423746.896270,0x100,2,68 00
1787423746.896456,0x101,2,58 11
1787423746.896490,0x102,2,64 00
1787423747.396684,0x100,2,66 00
1787423747.396730,0x101,2,12 11
1787423747.396739,0x102,2,64 00
1787423747.897237,0x100,2,64 00
1787423747.897304,0x101,2,CC 10
1787423747.897317,0x102,2,64 00
1787423748.397888,0x100,2,62 00
1787423748.397931,0x101,2,86 10
1787423748.397936,0x102,2,64 00
1787423748.898255,0x100,2,60 00
1787423748.898341,0x101,2,40 10
1787423748.898382,0x102,2,64 00
1787423749.398795,0x100,2,5E 00
1787423749.398874,0x101,2,FA 0F
1787423749.398896,0x102,2,64 00
Timestamp,CAN_ID,DLC,Data
1787423963.995664,0x100,2,4E 00
1787423963.995819,0x101,2,CA 0D
1787423963.995859,0x102,2,47 00
1787423964.496252,0x100,2,50 00
1787423964.496334,0x101,2,10 0E
1787423964.496345,0x102,2,47 00
1787423964.997370,0x100,2,52 00
1787423964.997516,0x101,2,56 0E
1787423964.997566,0x102,2,47 00
1787423965.498681,0x100,2,54 00
1787423965.498917,0x101,2,9C 0E
1787423965.498971,0x102,2,47 00
1787423965.999846,0x100,2,56 00
1787423966.000056,0x101,2,E2 0E
1787423966.000090,0x102,2,48 00
1787423966.501091,0x100,2,58 00
1787423966.501394,0x101,2,28 0F
1787423966.501529,0x102,2,48 00
1787423967.002231,0x100,2,5A 00
1787423967.002324,0x101,2,6E 0F
1787423967.002337,0x102,2,48 00
1787423967.502653,0x100,2,5C 00
1787423967.502725,0x101,2,B4 0F
1787423967.502734,0x102,2,48 00
1787423968.003039,0x100,2,5E 00
1787423968.003112,0x101,2,FA 0F
1787423968.003124,0x102,2,48 00
1787423968.503450,0x100,2,60 00
1787423968.503514,0x101,2,40 10
1787423968.503527,0x102,2,48 00
1787423969.004799,0x100,2,62 00
1787423969.005021,0x101,2,86 10
1787423969.005069,0x102,2,48 00
1787423969.505760,0x100,2,64 00
1787423969.505894,0x101,2,CC 10
1787423969.505906,0x102,2,48 00
1787423970.006998,0x100,2,66 00
1787423970.007206,0x101,2,12 11
1787423970.007248,0x102,2,48 00
1787423970.246380,0x200,4,AA BB CC DD
1787423970.507960,0x100,2,68 00
1787423970.508053,0x101,2,58 11
1787423970.508068,0x102,2,48 00
1787423971.009013,0x100,2,6A 00
1787423971.009215,0x101,2,9E 11
1787423971.009228,0x102,2,49 00
1787423971.509589,0x100,2,6C 00
1787423971.509660,0x101,2,E4 11
1787423971.509687,0x102,2,49 00
1787423972.009953,0x100,2,6E 00
1787423972.010029,0x101,2,2A 12
1787423972.010035,0x102,2,49 00
1787423972.510577,0x100,2,70 00
1787423972.510677,0x101,2,70 12
1787423972.510692,0x102,2,49 00
1787423973.011369,0x100,2,72 00
1787423973.011462,0x101,2,B6 12
1787423973.011477,0x102,2,49 00
1787423973.511667,0x100,2,74 00
1787423973.511752,0x101,2,FC 12
1787423973.511758,0x102,2,49 00
1787423974.012262,0x100,2,76 00
1787423974.012429,0x101,2,42 13
1787423974.012446,0x102,2,49 00
1787423974.513147,0x100,2,78 00
1787423974.513309,0x101,2,88 13
1787423974.513330,0x102,2,49 00
1787423975.013807,0x100,2,76 00
1787423975.013946,0x101,2,42 13
1787423975.013960,0x102,2,49 00
1787423975.514332,0x100,2,74 00
1787423975.514451,0x101,2,FC 12
1787423975.514477,0x102,2,49 00
1787423976.014742,0x100,2,72 00
1787423976.014906,0x101,2,B6 12
1787423976.014997,0x102,2,4A 00
1787423976.515730,0x100,2,70 00
1787423976.515871,0x101,2,70 12
1787423976.515883,0x102,2,4A 00
1787423977.016341,0x100,2,6E 00
1787423977.016425,0x101,2,2A 12
1787423977.016434,0x102,2,4A 00
1787423977.517040,0x100,2,6C 00
1787423977.517153,0x101,2,E4 11
1787423977.517168,0x102,2,4A 00
1787423978.017776,0x100,2,6A 00
1787423978.017863,0x101,2,9E 11
1787423978.017898,0x102,2,4A 00
1787423978.518178,0x100,2,68 00
1787423978.518302,0x101,2,58 11
1787423978.518313,0x102,2,4A 00
1787423979.019344,0x100,2,66 00
1787423979.019627,0x101,2,12 11
1787423979.019655,0x102,2,4A 00
1787423979.520279,0x100,2,64 00
1787423979.520396,0x101,2,CC 10
1787423979.520404,0x102,2,4A 00
1787423980.020648,0x100,2,62 00
1787423980.020746,0x101,2,86 10
1787423980.020752,0x102,2,4A 00
1787423980.521557,0x100,2,60 00
1787423980.521719,0x101,2,40 10
1787423980.521753,0x102,2,4A 00
1787423981.022159,0x100,2,5E 00
1787423981.022253,0x101,2,FA 0F
1787423981.022264,0x102,2,4B 00
1787423981.522676,0x100,2,5C 00
1787423981.522793,0x101,2,B4 0F
1787423981.522804,0x102,2,4B 00
1787423982.023631,0x100,2,5A 00
1787423982.023832,0x101,2,6E 0F
1787423982.023842,0x102,2,4B 00
1787423982.524960,0x100,2,58 00
1787423982.525145,0x101,2,28 0F
1787423982.525193,0x102,2,4B 00
1787423983.025784,0x100,2,56 00
1787423983.025930,0x101,2,E2 0E
1787423983.025949,0x102,2,4B 00
1787423983.526366,0x100,2,54 00
1787423983.526435,0x101,2,9C 0E
1787423983.526445,0x102,2,4B 00
1787423983.799787,0x200,4,AA BB CC DD
1787423984.026772,0x100,2,52 00
1787423984.026847,0x101,2,56 0E
1787423984.026854,0x102,2,4B 00
1787423984.527705,0x100,2,50 00
1787423984.527858,0x101,2,10 0E
1787423984.527887,0x102,2,4B 00
1787423985.028561,0x100,2,4E 00
1787423985.028756,0x101,2,CA 0D
1787423985.028775,0x102,2,4B 00
1787423985.529326,0x100,2,4C 00
1787423985.529492,0x101,2,84 0D
1787423985.529510,0x102,2,4B 00
1787423986.030147,0x100,2,4A 00
1787423986.030316,0x101,2,3E 0D
1787423986.030334,0x102,2,4C 00
1787423986.531258,0x100,2,48 00
1787423986.531394,0x101,2,F8 0C
1787423986.531413,0x102,2,4C 00
1787423987.032051,0x100,2,46 00
1787423987.032470,0x101,2,B2 0C
1787423987.032515,0x102,2,4C 00
1787423987.533021,0x100,2,44 00
1787423987.533656,0x101,2,6C 0C
1787423987.533744,0x102,2,4C 00
1787423988.033843,0x100,2,42 00
1787423988.033925,0x101,2,26 0C
1787423988.033935,0x102,2,4C 00
1787423988.534462,0x100,2,40 00
1787423988.534638,0x101,2,E0 0B
1787423988.534676,0x102,2,4C 00
1787423989.035070,0x100,2,3E 00
1787423989.035148,0x101,2,9A 0B
1787423989.035155,0x102,2,4C 00
1787423989.535604,0x100,2,3C 00
1787423989.535674,0x101,2,54 0B
1787423989.535681,0x102,2,4C 00
1787423990.036793,0x100,2,3A 00
1787423990.036989,0x101,2,0E 0B
1787423990.037028,0x102,2,4C 00
1787423990.537852,0x100,2,38 00
1787423990.538077,0x101,2,C8 0A
1787423990.538124,0x102,2,4C 00
1787423991.038442,0x100,2,36 00
1787423991.038539,0x101,2,82 0A
1787423991.038550,0x102,2,4D 00
1787423991.538827,0x100,2,34 00
1787423991.538881,0x101,2,3C 0A
1787423991.538898,0x102,2,4D 00
1787423992.039294,0x100,2,32 00
1787423992.039365,0x101,2,F6 09
1787423992.039372,0x102,2,4D 00
1787423992.540642,0x100,2,30 00
1787423992.540733,0x101,2,B0 09
1787423992.540754,0x102,2,4D 00
1787423993.042173,0x100,2,2E 00
1787423993.042444,0x101,2,6A 09
1787423993.042470,0x102,2,4D 00
1787423993.543669,0x100,2,2C 00
1787423993.544012,0x101,2,24 09
1787423993.544063,0x102,2,4D 00
1787423994.044111,0x100,2,2A 00
1787423994.044194,0x101,2,DE 08
1787423994.044200,0x102,2,4D 00
1787423994.544756,0x100,2,28 00
1787423994.544827,0x101,2,98 08
1787423994.544853,0x102,2,4D 00
1787423995.045341,0x100,2,26 00
1787423995.045423,0x101,2,52 08
1787423995.045432,0x102,2,4D 00
1787423995.545761,0x100,2,24 00
1787423995.545834,0x101,2,0C 08
1787423995.545850,0x102,2,4D 00
1787423996.046742,0x100,2,22 00
1787423996.046989,0x101,2,C6 07
1787423996.047059,0x102,2,4E 00
1787423996.547078,0x100,2,20 00
1787423996.547123,0x101,2,80 07
1787423996.547129,0x102,2,4E 00
1787423997.047992,0x100,2,1E 00
1787423997.048220,0x101,2,3A 07
1787423997.048244,0x102,2,4E 00
1787423997.548909,0x100,2,1C 00
1787423997.549124,0x101,2,F4 06
1787423997.549148,0x102,2,4E 00
1787423998.049660,0x100,2,1A 00
1787423998.049825,0x101,2,AE 06
1787423998.049852,0x102,2,4D 00
1787423998.551094,0x100,2,18 00
1787423998.551325,0x101,2,68 06
1787423998.551385,0x102,2,4D 00
1787423999.051922,0x100,2,16 00
1787423999.052079,0x101,2,22 06
1787423999.052123,0x102,2,4D 00
1787423999.538434,0x200,4,AA BB CC DD
1787423999.552250,0x100,2,14 00
1787423999.552363,0x101,2,DC 05
1787423999.552374,0x102,2,4D 00
1787424000.053087,0x100,2,12 00
1787424000.053269,0x101,2,96 05
1787424000.053282,0x102,2,4D 00
1787424000.553771,0x100,2,10 00
1787424000.553931,0x101,2,50 05
1787424000.553963,0x102,2,4D 00
1787424001.054529,0x100,2,0E 00
1787424001.054689,0x101,2,0A 05
1787424001.054719,0x102,2,4D 00
1787424001.554951,0x100,2,0C 00
1787424001.555019,0x101,2,C4 04
1787424001.555031,0x102,2,4D 00
1787424002.055472,0x100,2,0A 00
1787424002.055612,0x101,2,7E 04
1787424002.055629,0x102,2,4D 00
1787424002.556625,0x100,2,08 00
1787424002.556737,0x101,2,38 04
1787424002.556774,0x102,2,4D 00
1787424003.057201,0x100,2,06 00
1787424003.057306,0x101,2,F2 03
1787424003.057321,0x102,2,4D 00
1787424003.557555,0x100,2,04 00
1787424003.557627,0x101,2,AC 03
1787424003.557639,0x102,2,4D 00
1787424004.057887,0x100,2,02 00
1787424004.057975,0x101,2,66 03
1787424004.057984,0x102,2,4D 00
1787424004.559051,0x100,2,00 00
1787424004.559348,0x101,2,20 03
1787424004.559409,0x102,2,4D 00
1787424005.060078,0x100,2,02 00
1787424005.060275,0x101,2,66 03
1787424005.060319,0x102,2,4D 00
1787424005.560965,0x100,2,04 00
1787424005.561249,0x101,2,AC 03
1787424005.561273,0x102,2,4D 00
1787424006.062339,0x100,2,06 00
1787424006.062445,0x101,2,F2 03
1787424006.062476,0x102,2,4D 00
1787424006.563050,0x100,2,08 00
1787424006.563258,0x101,2,38 04
1787424006.563325,0x102,2,4D 00
1787424007.063351,0x100,2,0A 00
1787424007.063395,0x101,2,7E 04
1787424007.063407,0x102,2,4D 00
1787424007.563890,0x100,2,0C 00
1787424007.563986,0x101,2,C4 04
1787424007.564001,0x102,2,4D 00
1787424008.064596,0x100,2,0E 00
1787424008.064835,0x101,2,0A 05
1787424008.064885,0x102,2,4C 00
1787424008.565445,0x100,2,10 00
1787424008.565546,0x101,2,50 05
1787424008.565559,0x102,2,4C 00
1787424009.066186,0x100,2,12 00
1787424009.066323,0x101,2,96 05
1787424009.066354,0x102,2,4C 00
1787424009.566986,0x100,2,14 00
1787424009.567339,0x101,2,DC 05
1787424009.567382,0x102,2,4C 00
1787424010.068348,0x100,2,16 00
1787424010.068837,0x101,2,22 06
1787424010.068868,0x102,2,4C 00
1787424010.569794,0x100,2,18 00
1787424010.570025,0x101,2,68 06
1787424010.570088,0x102,2,4C 00
1787424011.070709,0x100,2,1A 00
1787424011.070874,0x101,2,AE 06
1787424011.070897,0x102,2,4C 00
1787424011.571544,0x100,2,1C 00
1787424011.576920,0x101,2,F4 06
1787424011.577053,0x102,2,4C 00
1787424012.072349,0x100,2,1E 00
1787424012.072473,0x101,2,3A 07
1787424012.072489,0x102,2,4C 00
1787424012.572911,0x100,2,20 00
1787424012.573069,0x101,2,80 07
1787424012.573082,0x102,2,4C 00
1787424013.073440,0x100,2,22 00
1787424013.073519,0x101,2,C6 07
1787424013.073526,0x102,2,4C 00
1787424013.573942,0x100,2,24 00
1787424013.574061,0x101,2,0C 08
1787424013.574068,0x102,2,4C 00
1787424014.074733,0x100,2,26 00
1787424014.074811,0x101,2,52 08
1787424014.074827,0x102,2,4C 00
1787424014.575377,0x100,2,28 00
1787424014.575585,0x101,2,98 08
1787424014.575625,0x102,2,4D 00
1787424015.076134,0x100,2,2A 00
1787424015.076214,0x101,2,DE 08
1787424015.076227,0x102,2,4D 00
1787424015.576548,0x100,2,2C 00
1787424015.576660,0x101,2,24 09
1787424015.576667,0x102,2,4D 00
1787424016.077477,0x100,2,2E 00
1787424016.077584,0x101,2,6A 09
1787424016.077639,0x102,2,4D 00
1787424016.578046,0x100,2,30 00
1787424016.578249,0x101,2,B0 09
1787424016.578430,0x102,2,4D 00
1787424017.078403,0x100,2,32 00
1787424017.078492,0x101,2,F6 09
1787424017.078511,0x102,2,4D 00
1787424017.579815,0x100,2,34 00
1787424017.579915,0x101,2,3C 0A
1787424017.579938,0x102,2,4D 00
1787424018.080712,0x100,2,36 00
1787424018.080790,0x101,2,82 0A
1787424018.080807,0x102,2,4D 00
1787424018.581898,0x100,2,38 00
1787424018.582087,0x101,2,C8 0A
1787424018.582126,0x102,2,4D 00
1787424019.082689,0x100,2,3A 00
1787424019.082759,0x101,2,0E 0B
1787424019.082765,0x102,2,4D 00
1787424019.583054,0x100,2,3C 00
1787424019.583124,0x101,2,54 0B
1787424019.583131,0x102,2,4E 00
1787424020.083466,0x100,2,3E 00
1787424020.083622,0x101,2,9A 0B
1787424020.083634,0x102,2,4E 00
1787424020.583964,0x100,2,40 00
1787424020.584046,0x101,2,E0 0B
1787424020.584052,0x102,2,4E 00
1787424021.084506,0x100,2,42 00
1787424021.084615,0x101,2,26 0C
1787424021.084637,0x102,2,4E 00
1787424021.584997,0x100,2,44 00
1787424021.585136,0x101,2,6C 0C
1787424021.585154,0x102,2,4E 00
1787424022.085471,0x100,2,46 00
1787424022.085568,0x101,2,B2 0C
1787424022.085599,0x102,2,4E 00
1787424022.587082,0x100,2,48 00
1787424022.587238,0x101,2,F8 0C
1787424022.587258,0x102,2,4E 00
1787424023.087292,0x100,2,4A 00
1787424023.087368,0x101,2,3E 0D
1787424023.087373,0x102,2,4E 00
1787424023.587636,0x100,2,4C 00
1787424023.587723,0x101,2,84 0D
1787424023.587730,0x102,2,4E 00
1787424024.088135,0x100,2,4E 00
1787424024.088282,0x101,2,CA 0D
1787424024.088297,0x102,2,4E 00
1787424024.588966,0x100,2,50 00
1787424024.589145,0x101,2,10 0E
1787424024.589164,0x102,2,4F 00
1787424025.089813,0x100,2,52 00
1787424025.089954,0x101,2,56 0E
1787424025.089966,0x102,2,4F 00
1787424025.590703,0x100,2,54 00
1787424025.590802,0x101,2,9C 0E
1787424025.590821,0x102,2,4F 00
1787424026.092021,0x100,2,56 00
1787424026.092113,0x101,2,E2 0E
1787424026.092130,0x102,2,4F 00
1787424026.592656,0x100,2,58 00
1787424026.592768,0x101,2,28 0F
1787424026.592806,0x102,2,4F 00
1787424027.093101,0x100,2,5A 00
1787424027.093147,0x101,2,6E 0F
1787424027.093153,0x102,2,4F 00
1787424027.594111,0x100,2,5C 00
1787424027.594328,0x101,2,B4 0F
1787424027.594357,0x102,2,4F 00
Timestamp,CAN_ID,DLC,Data
1787424255.937762,0x100,2,66 00
1787424255.937811,0x101,2,12 11
1787424255.937817,0x102,2,50 00
1787424256.038361,0x100,2,68 00
1787424256.038412,0x101,2,58 11
1787424256.038428,0x102,2,50 00
1787424256.139220,0x100,2,6A 00
1787424256.139271,0x101,2,9E 11
1787424256.139282,0x102,2,50 00
1787424256.240316,0x100,2,6C 00
1787424256.240458,0x101,2,E4 11
1787424256.240480,0x102,2,50 00
1787424256.340560,0x100,2,6E 00
1787424256.340961,0x101,2,2A 12
1787424256.341004,0x102,2,50 00
1787424256.441140,0x100,2,70 00
1787424256.441186,0x101,2,70 12
1787424256.441197,0x102,2,50 00
1787424256.542040,0x100,2,72 00
1787424256.542157,0x101,2,B6 12
1787424256.542208,0x102,2,50 00
1787424256.642282,0x100,2,74 00
1787424256.642355,0x101,2,FC 12
1787424256.642365,0x102,2,50 00
1787424256.742757,0x100,2,76 00
1787424256.742881,0x101,2,42 13
1787424256.742897,0x102,2,50 00
1787424256.843944,0x100,2,78 00
1787424256.844142,0x101,2,88 13
1787424256.844464,0x102,2,51 00
1787424256.944853,0x100,2,76 00
1787424256.944953,0x101,2,42 13
1787424256.944960,0x102,2,51 00
1787424257.046216,0x100,2,74 00
1787424257.046414,0x101,2,FC 12
1787424257.046429,0x102,2,51 00
1787424257.147373,0x100,2,72 00
1787424257.147614,0x101,2,B6 12
1787424257.147627,0x102,2,51 00
1787424257.248244,0x100,2,70 00
1787424257.248502,0x101,2,70 12
1787424257.248525,0x102,2,51 00
1787424257.349422,0x100,2,6E 00
1787424257.349577,0x101,2,2A 12
1787424257.349600,0x102,2,51 00
1787424257.450294,0x100,2,6C 00
1787424257.450451,0x101,2,E4 11
1787424257.450474,0x102,2,51 00
1787424257.551136,0x100,2,6A 00
1787424257.551362,0x101,2,9E 11
1787424257.551382,0x102,2,51 00
1787424257.652105,0x100,2,68 00
1787424257.652190,0x101,2,58 11
1787424257.652208,0x102,2,51 00
1787424257.752827,0x100,2,66 00
1787424257.753042,0x101,2,12 11
1787424257.753078,0x102,2,51 00
1787424257.853617,0x100,2,64 00
1787424257.853744,0x101,2,CC 10
1787424257.853760,0x102,2,52 00
1787424257.954047,0x100,2,62 00
1787424257.954117,0x101,2,86 10
1787424257.954123,0x102,2,52 00
1787424258.054814,0x100,2,60 00
1787424258.054901,0x101,2,40 10
1787424258.054908,0x102,2,52 00
1787424258.155319,0x100,2,5E 00
1787424258.155386,0x101,2,FA 0F
1787424258.155395,0x102,2,52 00
1787424258.255714,0x100,2,5C 00
1787424258.255750,0x101,2,B4 0F
1787424258.255755,0x102,2,52 00
1787424258.356181,0x100,2,5A 00
1787424258.356309,0x101,2,6E 0F
1787424258.356319,0x102,2,52 00
1787424258.456917,0x100,2,58 00
1787424258.457033,0x101,2,28 0F
1787424258.457040,0x102,2,52 00
1787424258.557323,0x100,2,56 00
1787424258.557392,0x101,2,E2 0E
1787424258.557398,0x102,2,52 00
1787424258.657734,0x100,2,54 00
1787424258.657809,0x101,2,9C 0E
1787424258.657815,0x102,2,52 00
1787424258.758366,0x100,2,52 00
1787424258.758458,0x101,2,56 0E
1787424258.758476,0x102,2,52 00
1787424258.859615,0x100,2,50 00
1787424258.859735,0x101,2,10 0E
1787424258.859757,0x102,2,53 00
1787424258.960889,0x100,2,4E 00
1787424258.961003,0x101,2,CA 0D
1787424258.961033,0x102,2,53 00
1787424259.062144,0x100,2,4C 00
1787424259.062361,0x101,2,84 0D
1787424259.062388,0x102,2,53 00
1787424259.163099,0x100,2,4A 00
1787424259.163408,0x101,2,3E 0D
1787424259.163469,0x102,2,53 00
1787424259.264104,0x100,2,48 00
1787424259.264360,0x101,2,F8 0C
1787424259.264471,0x102,2,53 00
1787424259.365322,0x100,2,46 00
1787424259.365543,0x101,2,B2 0C
1787424259.365572,0x102,2,53 00
1787424259.466219,0x100,2,44 00
1787424259.466368,0x101,2,6C 0C
1787424259.466396,0x102,2,53 00
1787424259.566986,0x100,2,42 00
1787424259.567275,0x101,2,26 0C
1787424259.567316,0x102,2,53 00
1787424259.667783,0x100,2,40 00
1787424259.668104,0x101,2,E0 0B
1787424259.668139,0x102,2,53 00
1787424259.768953,0x100,2,3E 00
1787424259.769189,0x101,2,9A 0B
1787424259.769234,0x102,2,53 00
1787424259.870295,0x100,2,3C 00
1787424259.870407,0x101,2,54 0B
1787424259.870433,0x102,2,54 00
1787424259.971686,0x100,2,3A 00
1787424259.971811,0x101,2,0E 0B
1787424259.971840,0x102,2,54 00
1787424260.072398,0x100,2,38 00
1787424260.072598,0x101,2,C8 0A
1787424260.072618,0x102,2,54 00
1787424260.173119,0x100,2,36 00
1787424260.173188,0x101,2,82 0A
1787424260.173202,0x102,2,54 00
1787424260.274121,0x100,2,34 00
1787424260.274471,0x101,2,3C 0A
1787424260.274504,0x102,2,54 00
1787424260.375224,0x100,2,32 00
1787424260.375304,0x101,2,F6 09
1787424260.375322,0x102,2,54 00
1787424260.475780,0x100,2,30 00
1787424260.475859,0x101,2,B0 09
1787424260.475869,0x102,2,54 00
1787424260.576794,0x100,2,2E 00
1787424260.576908,0x101,2,6A 09
1787424260.576919,0x102,2,54 00
1787424260.677340,0x100,2,2C 00
1787424260.677526,0x101,2,24 09
1787424260.677533,0x102,2,54 00
1787424260.778312,0x100,2,2A 00
1787424260.778394,0x101,2,DE 08
1787424260.778439,0x102,2,54 00
1787424260.879385,0x100,2,28 00
1787424260.879679,0x101,2,98 08
1787424260.879706,0x102,2,55 00
1787424260.980691,0x100,2,26 00
1787424260.981051,0x101,2,52 08
1787424260.981082,0x102,2,55 00
1787424261.081607,0x100,2,24 00
1787424261.081753,0x101,2,0C 08
1787424261.081850,0x102,2,55 00
1787424261.182274,0x100,2,22 00
1787424261.182415,0x101,2,C6 07
1787424261.182424,0x102,2,55 00
1787424261.283075,0x100,2,20 00
1787424261.283199,0x101,2,80 07
1787424261.283208,0x102,2,55 00
1787424261.384025,0x100,2,1E 00
1787424261.384211,0x101,2,3A 07
1787424261.384225,0x102,2,55 00
1787424261.485095,0x100,2,1C 00
1787424261.485174,0x101,2,F4 06
1787424261.485185,0x102,2,55 00
1787424261.585801,0x100,2,1A 00
1787424261.585867,0x101,2,AE 06
1787424261.585881,0x102,2,55 00
1787424261.687078,0x100,2,18 00
1787424261.687178,0x101,2,68 06
1787424261.687206,0x102,2,55 00
1787424261.787845,0x100,2,16 00
1787424261.788030,0x101,2,22 06
1787424261.788067,0x102,2,55 00
1787424261.888728,0x100,2,14 00
1787424261.888920,0x101,2,DC 05
1787424261.888927,0x102,2,55 00
1787424261.989525,0x100,2,12 00
1787424261.989710,0x101,2,96 05
1787424261.989758,0x102,2,55 00
1787424262.089994,0x100,2,10 00
1787424262.090204,0x101,2,50 05
1787424262.090298,0x102,2,55 00
1787424262.190563,0x100,2,0E 00
1787424262.190759,0x101,2,0A 05
1787424262.190765,0x102,2,55 00
1787424262.291263,0x100,2,0C 00
1787424262.291351,0x101,2,C4 04
1787424262.291374,0x102,2,54 00
1787424262.391660,0x100,2,0A 00
1787424262.391769,0x101,2,7E 04
1787424262.391776,0x102,2,54 00
1787424262.492009,0x100,2,08 00
1787424262.492094,0x101,2,38 04
1787424262.492099,0x102,2,54 00
1787424262.592418,0x100,2,06 00
1787424262.592496,0x101,2,F2 03
1787424262.592519,0x102,2,54 00
1787424262.653897,0x200,4,AA BB CC DD
1787424262.692968,0x100,2,04 00
1787424262.693026,0x101,2,AC 03
1787424262.693038,0x102,2,54 00
1787424262.793601,0x100,2,02 00
1787424262.793833,0x101,2,66 03
1787424262.793886,0x102,2,54 00
1787424262.894861,0x100,2,00 00
1787424262.895061,0x101,2,20 03
1787424262.895102,0x102,2,54 00
1787424262.996386,0x100,2,02 00
1787424262.996711,0x101,2,66 03
1787424262.996738,0x102,2,54 00
1787424263.097111,0x100,2,04 00
1787424263.097229,0x101,2,AC 03
1787424263.097282,0x102,2,54 00
1787424263.197566,0x100,2,06 00
1787424263.197652,0x101,2,F2 03
1787424263.197658,0x102,2,54 00
1787424263.298509,0x100,2,08 00
1787424263.298642,0x101,2,38 04
1787424263.298654,0x102,2,54 00
1787424263.399031,0x100,2,0A 00
1787424263.399116,0x101,2,7E 04
1787424263.399130,0x102,2,54 00
1787424263.501169,0x100,2,0C 00
1787424263.501328,0x101,2,C4 04
1787424263.501340,0x102,2,54 00
1787424263.601936,0x100,2,0E 00
1787424263.602037,0x101,2,0A 05
1787424263.602048,0x102,2,54 00
1787424263.703045,0x100,2,10 00
1787424263.703163,0x101,2,50 05
1787424263.703191,0x102,2,54 00
1787424263.804122,0x100,2,12 00
1787424263.804213,0x101,2,96 05
1787424263.804237,0x102,2,54 00
1787424263.904502,0x100,2,14 00
1787424263.904539,0x101,2,DC 05
1787424263.904544,0x102,2,54 00
1787424264.004764,0x100,2,16 00
1787424264.004848,0x101,2,22 06
1787424264.004855,0x102,2,54 00
1787424264.105072,0x100,2,18 00
1787424264.105144,0x101,2,68 06
1787424264.105151,0x102,2,54 00
1787424264.205446,0x100,2,1A 00
1787424264.205505,0x101,2,AE 06
1787424264.205511,0x102,2,54 00
1787424264.306476,0x100,2,1C 00
1787424264.306529,0x101,2,F4 06
1787424264.306538,0x102,2,53 00
1787424264.407505,0x100,2,1E 00
1787424264.407567,0x101,2,3A 07
1787424264.407804,0x102,2,53 00
1787424264.507709,0x100,2,20 00
1787424264.507774,0x101,2,80 07
1787424264.507783,0x102,2,54 00
1787424264.608734,0x100,2,22 00
1787424264.608854,0x101,2,C6 07
1787424264.608896,0x102,2,54 00
1787424264.709337,0x100,2,24 00
1787424264.709451,0x101,2,0C 08
1787424264.709457,0x102,2,54 00
1787424264.809687,0x100,2,26 00
1787424264.809803,0x101,2,52 08
1787424264.809843,0x102,2,54 00
1787424264.910063,0x100,2,28 00
1787424264.910125,0x101,2,98 08
1787424264.910130,0x102,2,54 00
1787424265.010752,0x100,2,2A 00
1787424265.010863,0x101,2,DE 08
1787424265.010900,0x102,2,54 00
1787424265.111326,0x100,2,2C 00
1787424265.111420,0x101,2,24 09
1787424265.111430,0x102,2,54 00
1787424265.212219,0x100,2,2E 00
1787424265.212403,0x101,2,6A 09
1787424265.212419,0x102,2,54 00
1787424265.312946,0x100,2,30 00
1787424265.313090,0x101,2,B0 09
1787424265.313112,0x102,2,54 00
1787424265.413725,0x100,2,32 00
1787424265.413798,0x101,2,F6 09
1787424265.413833,0x102,2,54 00
1787424265.514506,0x100,2,34 00
1787424265.514727,0x101,2,3C 0A
1787424265.514776,0x102,2,55 00
1787424265.615188,0x100,2,36 00
1787424265.615588,0x101,2,82 0A
1787424265.615847,0x102,2,55 00
1787424265.715995,0x100,2,38 00
1787424265.716076,0x101,2,C8 0A
1787424265.716187,0x102,2,55 00
1787424265.816609,0x100,2,3A 00
1787424265.816696,0x101,2,0E 0B
1787424265.816726,0x102,2,55 00
1787424265.916984,0x100,2,3C 00
1787424265.917080,0x101,2,54 0B
1787424265.917087,0x102,2,55 00
1787424266.017331,0x100,2,3E 00
1787424266.017428,0x101,2,9A 0B
1787424266.017437,0x102,2,55 00
1787424266.117950,0x100,2,40 00
1787424266.118119,0x101,2,E0 0B
1787424266.118134,0x102,2,55 00
1787424266.218341,0x100,2,42 00
1787424266.218427,0x101,2,26 0C
1787424266.218435,0x102,2,55 00
1787424266.318664,0x100,2,44 00
1787424266.318749,0x101,2,6C 0C
1787424266.318755,0x102,2,55 00
1787424266.419156,0x100,2,46 00
1787424266.419243,0x101,2,B2 0C
1787424266.419366,0x102,2,55 00
1787424266.519744,0x100,2,48 00
1787424266.519832,0x101,2,F8 0C
1787424266.519842,0x102,2,56 00
1787424266.620204,0x100,2,4A 00
1787424266.620272,0x101,2,3E 0D
1787424266.620284,0x102,2,56 00
1787424266.721588,0x100,2,4C 00
1787424266.721758,0x101,2,84 0D
1787424266.721799,0x102,2,56 00
1787424266.822774,0x100,2,4E 00
1787424266.822966,0x101,2,CA 0D
1787424266.823004,0x102,2,56 00
1787424266.923901,0x100,2,50 00
1787424266.924209,0x101,2,10 0E
1787424266.924234,0x102,2,56 00
1787424267.025340,0x100,2,52 00
1787424267.025606,0x101,2,56 0E
1787424267.025647,0x102,2,56 00
1787424267.126245,0x100,2,54 00
1787424267.126316,0x101,2,9C 0E
1787424267.126332,0x102,2,56 00
1787424267.227575,0x100,2,56 00
1787424267.227786,0x101,2,E2 0E
1787424267.227829,0x102,2,56 00
1787424267.329178,0x100,2,58 00
1787424267.329462,0x101,2,28 0F
1787424267.329487,0x102,2,56 00
1787424267.430123,0x100,2,5A 00
1787424267.430322,0x101,2,6E 0F
1787424267.430347,0x102,2,56 00
1787424267.530999,0x100,2,5C 00
1787424267.531264,0x101,2,B4 0F
1787424267.531292,0x102,2,57 00
1787424267.631842,0x100,2,5E 00
1787424267.632051,0x101,2,FA 0F
1787424267.632094,0x102,2,57 00
1787424267.733097,0x100,2,60 00
1787424267.733313,0x101,2,40 10
1787424267.733336,0x102,2,57 00
1787424267.834366,0x100,2,62 00
1787424267.834579,0x101,2,86 10
1787424267.834618,0x102,2,57 00
1787424267.935703,0x100,2,64 00
1787424267.935825,0x101,2,CC 10
1787424267.935849,0x102,2,57 00
1787424268.036459,0x100,2,66 00
1787424268.036587,0x101,2,12 11
1787424268.036656,0x102,2,57 00
1787424268.137775,0x100,2,68 00
1787424268.137888,0x101,2,58 11
1787424268.137921,0x102,2,57 00
1787424268.238904,0x100,2,6A 00
1787424268.239078,0x101,2,9E 11
1787424268.239114,0x102,2,57 00
1787424268.339653,0x100,2,6C 00
1787424268.339893,0x101,2,E4 11
1787424268.339920,0x102,2,57 00
1787424268.440725,0x100,2,6E 00
1787424268.440874,0x101,2,2A 12
1787424268.440917,0x102,2,57 00
1787424268.541653,0x100,2,70 00
1787424268.541829,0x101,2,70 12
1787424268.541854,0x102,2,58 00
1787424268.642973,0x100,2,72 00
1787424268.643129,0x101,2,B6 12
1787424268.643166,0x102,2,58 00
1787424268.744489,0x100,2,74 00
1787424268.744769,0x101,2,FC 12
1787424268.744812,0x102,2,58 00
1787424268.845790,0x100,2,76 00
1787424268.845897,0x101,2,42 13
1787424268.845916,0x102,2,58 00
1787424268.946735,0x100,2,78 00
1787424268.946926,0x101,2,88 13
1787424268.946966,0x102,2,58 00
1787424269.047629,0x100,2,76 00
1787424269.047861,0x101,2,42 13
1787424269.047887,0x102,2,58 00
1787424269.149079,0x100,2,74 00
1787424269.149182,0x101,2,FC 12
1787424269.149211,0x102,2,58 00
1787424269.250470,0x100,2,72 00
1787424269.250582,0x101,2,B6 12
1787424269.250608,0x102,2,58 00
1787424269.351163,0x100,2,70 00
1787424269.351295,0x101,2,70 12
1787424269.351314,0x102,2,58 00
1787424269.451989,0x100,2,6E 00
1787424269.452135,0x101,2,2A 12
1787424269.452164,0x102,2,58 00
1787424269.553419,0x100,2,6C 00
1787424269.553522,0x101,2,E4 11
1787424269.553549,0x102,2,59 00
1787424269.654123,0x100,2,6A 00
1787424269.654299,0x101,2,9E 11
1787424269.654537,0x102,2,59 00
1787424269.754711,0x100,2,68 00
1787424269.754936,0x101,2,58 11
1787424269.754946,0x102,2,59 00
1787424269.854969,0x100,2,66 00
1787424269.855052,0x101,2,12 11
1787424269.855058,0x102,2,59 00
1787424269.955681,0x100,2,64 00
1787424269.955763,0x101,2,CC 10
1787424269.955772,0x102,2,59 00
1787424270.056251,0x100,2,62 00
1787424270.056440,0x101,2,86 10
1787424270.056590,0x102,2,59 00
1787424270.156704,0x100,2,60 00
1787424270.156797,0x101,2,40 10
1787424270.156810,0x102,2,59 00
1787424270.257131,0x100,2,5E 00
1787424270.257226,0x101,2,FA 0F
1787424270.257237,0x102,2,59 00
1787424270.357629,0x100,2,5C 00
1787424270.357719,0x101,2,B4 0F
1787424270.357729,0x102,2,59 00
1787424270.458033,0x100,2,5A 00
1787424270.458146,0x101,2,6E 0F
1787424270.458158,0x102,2,59 00
1787424270.558561,0x100,2,58 00
1787424270.558821,0x101,2,28 0F
1787424270.558859,0x102,2,5A 00
1787424270.658737,0x100,2,56 00
1787424270.658782,0x101,2,E2 0E
1787424270.658794,0x102,2,5A 00
1787424270.759765,0x100,2,54 00
1787424270.759902,0x101,2,9C 0E
1787424270.759920,0x102,2,5A 00
1787424270.860716,0x100,2,52 00
1787424270.860855,0x101,2,56 0E
1787424270.860868,0x102,2,5A 00
1787424270.961754,0x100,2,50 00
1787424270.962376,0x101,2,10 0E
1787424270.962538,0x102,2,5A 00
1787424271.062939,0x100,2,4E 00
1787424271.063154,0x101,2,CA 0D
1787424271.063197,0x102,2,5A 00
1787424271.163839,0x100,2,4C 00
1787424271.163917,0x101,2,84 0D
1787424271.163932,0x102,2,5A 00
1787424271.265206,0x100,2,4A 00
1787424271.265331,0x101,2,3E 0D
1787424271.265359,0x102,2,5A 00
1787424271.366264,0x100,2,48 00
1787424271.366370,0x101,2,F8 0C
1787424271.366402,0x102,2,5A 00
1787424271.467024,0x100,2,46 00
1787424271.467280,0x101,2,B2 0C
1787424271.467304,0x102,2,5A 00
1787424271.568449,0x100,2,44 00
1787424271.568688,0x101,2,6C 0C
1787424271.568716,0x102,2,5B 00
1787424271.669647,0x100,2,42 00
1787424271.669838,0x101,2,26 0C
1787424271.669866,0x102,2,5B 00
